official_commit,tpt_version,stable_id,slot_status,meson_name,identifier,display_code,source_file
bff38ce6959e1c1a7a4d17d0d5d44d127a0dfcbd,100.0.399,0,active,NONE,DEFAULT_PT_NONE,NONE,src/simulation/elements/NONE.cpp
bff38ce6959e1c1a7a4d17d0d5d44d127a0dfcbd,100.0.399,1,active,DUST,DEFAULT_PT_DUST,DUST,src/simulation/elements/DUST.cpp
bff38ce6959e1c1a7a4d17d0d5d44d127a0dfcbd,100.0.399,2,active,WATR,DEFAULT_PT_WATR,WATR,src/simulation/elements/WATR.cpp
bff38ce6959e1c1a7a4d17d0d5d44d127a0dfcbd,100.0.399,3,active,OIL,DEFAULT_PT_OIL,OIL,src/simulation/elements/OIL.cpp
bff38ce6959e1c1a7a4d17d0d5d44d127a0dfcbd,100.0.399,4,active,FIRE,DEFAULT_PT_FIRE,FIRE,src/simulation/elements/FIRE.cpp
bff38ce6959e1c1a7a4d17d0d5d44d127a0dfcbd,100.0.399,5,active,STNE,DEFAULT_PT_STNE,STNE,src/simulation/elements/STNE.cpp
bff38ce6959e1c1a7a4d17d0d5d44d127a0dfcbd,100.0.399,6,active,LAVA,DEFAULT_PT_LAVA,LAVA,src/simulation/elements/LAVA.cpp
bff38ce6959e1c1a7a4d17d0d5d44d127a0dfcbd,100.0.399,7,active,GUNP,DEFAULT_PT_GUNP,GUN,src/simulation/elements/GUNP.cpp
bff38ce6959e1c1a7a4d17d0d5d44d127a0dfcbd,100.0.399,8,active,NITR,DEFAULT_PT_NITR,NITR,src/simulation/elements/NITR.cpp
bff38ce6959e1c1a7a4d17d0d5d44d127a0dfcbd,100.0.399,9,active,CLNE,DEFAULT_PT_CLNE,CLNE,src/simulation/elements/CLNE.cpp
bff38ce6959e1c1a7a4d17d0d5d44d127a0dfcbd,100.0.399,10,active,GAS,DEFAULT_PT_GAS,GAS,src/simulation/elements/GAS.cpp
bff38ce6959e1c1a7a4d17d0d5d44d127a0dfcbd,100.0.399,11,active,PLEX,DEFAULT_PT_PLEX,C-4,src/simulation/elements/PLEX.cpp
bff38ce6959e1c1a7a4d17d0d5d44d127a0dfcbd,100.0.399,12,active,GOO,DEFAULT_PT_GOO,GOO,src/simulation/elements/GOO.cpp
bff38ce6959e1c1a7a4d17d0d5d44d127a0dfcbd,100.0.399,13,active,ICEI,DEFAULT_PT_ICEI,ICE,src/simulation/elements/ICEI.cpp
bff38ce6959e1c1a7a4d17d0d5d44d127a0dfcbd,100.0.399,14,active,METL,DEFAULT_PT_METL,METL,src/simulation/elements/METL.cpp
bff38ce6959e1c1a7a4d17d0d5d44d127a0dfcbd,100.0.399,15,active,SPRK,DEFAULT_PT_SPRK,SPRK,src/simulation/elements/SPRK.cpp
bff38ce6959e1c1a7a4d17d0d5d44d127a0dfcbd,100.0.399,16,active,SNOW,DEFAULT_PT_SNOW,SNOW,src/simulation/elements/SNOW.cpp
bff38ce6959e1c1a7a4d17d0d5d44d127a0dfcbd,100.0.399,17,active,WOOD,DEFAULT_PT_WOOD,WOOD,src/simulation/elements/WOOD.cpp
bff38ce6959e1c1a7a4d17d0d5d44d127a0dfcbd,100.0.399,18,active,NEUT,DEFAULT_PT_NEUT,NEUT,src/simulation/elements/NEUT.cpp
bff38ce6959e1c1a7a4d17d0d5d44d127a0dfcbd,100.0.399,19,active,PLUT,DEFAULT_PT_PLUT,PLUT,src/simulation/elements/PLUT.cpp
bff38ce6959e1c1a7a4d17d0d5d44d127a0dfcbd,100.0.399,20,active,PLNT,DEFAULT_PT_PLNT,PLNT,src/simulation/elements/PLNT.cpp
bff38ce6959e1c1a7a4d17d0d5d44d127a0dfcbd,100.0.399,21,active,ACID,DEFAULT_PT_ACID,ACID,src/simulation/elements/ACID.cpp
bff38ce6959e1c1a7a4d17d0d5d44d127a0dfcbd,100.0.399,22,active,VOID,DEFAULT_PT_VOID,VOID,src/simulation/elements/VOID.cpp
bff38ce6959e1c1a7a4d17d0d5d44d127a0dfcbd,100.0.399,23,active,WTRV,DEFAULT_PT_WTRV,WTRV,src/simulation/elements/WTRV.cpp
bff38ce6959e1c1a7a4d17d0d5d44d127a0dfcbd,100.0.399,24,active,CNCT,DEFAULT_PT_CNCT,CNCT,src/simulation/elements/CNCT.cpp
bff38ce6959e1c1a7a4d17d0d5d44d127a0dfcbd,100.0.399,25,active,DSTW,DEFAULT_PT_DSTW,DSTW,src/simulation/elements/DSTW.cpp
bff38ce6959e1c1a7a4d17d0d5d44d127a0dfcbd,100.0.399,26,active,SALT,DEFAULT_PT_SALT,SALT,src/simulation/elements/SALT.cpp
bff38ce6959e1c1a7a4d17d0d5d44d127a0dfcbd,100.0.399,27,active,SLTW,DEFAULT_PT_SLTW,SLTW,src/simulation/elements/SLTW.cpp
bff38ce6959e1c1a7a4d17d0d5d44d127a0dfcbd,100.0.399,28,active,DMND,DEFAULT_PT_DMND,DMND,src/simulation/elements/DMND.cpp
bff38ce6959e1c1a7a4d17d0d5d44d127a0dfcbd,100.0.399,29,active,BMTL,DEFAULT_PT_BMTL,BMTL,src/simulation/elements/BMTL.cpp
bff38ce6959e1c1a7a4d17d0d5d44d127a0dfcbd,100.0.399,30,active,BRMT,DEFAULT_PT_BRMT,BRMT,src/simulation/elements/BRMT.cpp
bff38ce6959e1c1a7a4d17d0d5d44d127a0dfcbd,100.0.399,31,active,PHOT,DEFAULT_PT_PHOT,PHOT,src/simulation/elements/PHOT.cpp
bff38ce6959e1c1a7a4d17d0d5d44d127a0dfcbd,100.0.399,32,active,URAN,DEFAULT_PT_URAN,URAN,src/simulation/elements/URAN.cpp
bff38ce6959e1c1a7a4d17d0d5d44d127a0dfcbd,100.0.399,33,active,WAX,DEFAULT_PT_WAX,WAX,src/simulation/elements/WAX.cpp
bff38ce6959e1c1a7a4d17d0d5d44d127a0dfcbd,100.0.399,34,active,MWAX,DEFAULT_PT_MWAX,MWAX,src/simulation/elements/MWAX.cpp
bff38ce6959e1c1a7a4d17d0d5d44d127a0dfcbd,100.0.399,35,active,PSCN,DEFAULT_PT_PSCN,PSCN,src/simulation/elements/PSCN.cpp
bff38ce6959e1c1a7a4d17d0d5d44d127a0dfcbd,100.0.399,36,active,NSCN,DEFAULT_PT_NSCN,NSCN,src/simulation/elements/NSCN.cpp
bff38ce6959e1c1a7a4d17d0d5d44d127a0dfcbd,100.0.399,37,active,LNTG,DEFAULT_PT_LNTG,LN2,src/simulation/elements/LNTG.cpp
bff38ce6959e1c1a7a4d17d0d5d44d127a0dfcbd,100.0.399,38,active,INSL,DEFAULT_PT_INSL,INSL,src/simulation/elements/INSL.cpp
bff38ce6959e1c1a7a4d17d0d5d44d127a0dfcbd,100.0.399,39,active,BHOL,DEFAULT_PT_BHOL,VACU,src/simulation/elements/BHOL.cpp
bff38ce6959e1c1a7a4d17d0d5d44d127a0dfcbd,100.0.399,40,active,WHOL,DEFAULT_PT_WHOL,VENT,src/simulation/elements/WHOL.cpp
bff38ce6959e1c1a7a4d17d0d5d44d127a0dfcbd,100.0.399,41,active,RBDM,DEFAULT_PT_RBDM,RBDM,src/simulation/elements/RBDM.cpp
bff38ce6959e1c1a7a4d17d0d5d44d127a0dfcbd,100.0.399,42,active,LRBD,DEFAULT_PT_LRBD,LRBD,src/simulation/elements/LRBD.cpp
bff38ce6959e1c1a7a4d17d0d5d44d127a0dfcbd,100.0.399,43,active,NTCT,DEFAULT_PT_NTCT,NTCT,src/simulation/elements/NTCT.cpp
bff38ce6959e1c1a7a4d17d0d5d44d127a0dfcbd,100.0.399,44,active,SAND,DEFAULT_PT_SAND,SAND,src/simulation/elements/SAND.cpp
bff38ce6959e1c1a7a4d17d0d5d44d127a0dfcbd,100.0.399,45,active,GLAS,DEFAULT_PT_GLAS,GLAS,src/simulation/elements/GLAS.cpp
bff38ce6959e1c1a7a4d17d0d5d44d127a0dfcbd,100.0.399,46,active,PTCT,DEFAULT_PT_PTCT,PTCT,src/simulation/elements/PTCT.cpp
bff38ce6959e1c1a7a4d17d0d5d44d127a0dfcbd,100.0.399,47,active,BGLA,DEFAULT_PT_BGLA,BGLA,src/simulation/elements/BGLA.cpp
bff38ce6959e1c1a7a4d17d0d5d44d127a0dfcbd,100.0.399,48,active,THDR,DEFAULT_PT_THDR,THDR,src/simulation/elements/THDR.cpp
bff38ce6959e1c1a7a4d17d0d5d44d127a0dfcbd,100.0.399,49,active,PLSM,DEFAULT_PT_PLSM,PLSM,src/simulation/elements/PLSM.cpp
bff38ce6959e1c1a7a4d17d0d5d44d127a0dfcbd,100.0.399,50,active,ETRD,DEFAULT_PT_ETRD,ETRD,src/simulation/elements/ETRD.cpp
bff38ce6959e1c1a7a4d17d0d5d44d127a0dfcbd,100.0.399,51,active,NICE,DEFAULT_PT_NICE,NICE,src/simulation/elements/NICE.cpp
bff38ce6959e1c1a7a4d17d0d5d44d127a0dfcbd,100.0.399,52,active,NBLE,DEFAULT_PT_NBLE,NBLE,src/simulation/elements/NBLE.cpp
bff38ce6959e1c1a7a4d17d0d5d44d127a0dfcbd,100.0.399,53,active,BTRY,DEFAULT_PT_BTRY,BTRY,src/simulation/elements/BTRY.cpp
bff38ce6959e1c1a7a4d17d0d5d44d127a0dfcbd,100.0.399,54,active,LCRY,DEFAULT_PT_LCRY,LCRY,src/simulation/elements/LCRY.cpp
bff38ce6959e1c1a7a4d17d0d5d44d127a0dfcbd,100.0.399,55,active,STKM,DEFAULT_PT_STKM,STKM,src/simulation/elements/STKM.cpp
bff38ce6959e1c1a7a4d17d0d5d44d127a0dfcbd,100.0.399,56,active,SWCH,DEFAULT_PT_SWCH,SWCH,src/simulation/elements/SWCH.cpp
bff38ce6959e1c1a7a4d17d0d5d44d127a0dfcbd,100.0.399,57,active,SMKE,DEFAULT_PT_SMKE,SMKE,src/simulation/elements/SMKE.cpp
bff38ce6959e1c1a7a4d17d0d5d44d127a0dfcbd,100.0.399,58,active,DESL,DEFAULT_PT_DESL,DESL,src/simulation/elements/DESL.cpp
bff38ce6959e1c1a7a4d17d0d5d44d127a0dfcbd,100.0.399,59,active,COAL,DEFAULT_PT_COAL,COAL,src/simulation/elements/COAL.cpp
bff38ce6959e1c1a7a4d17d0d5d44d127a0dfcbd,100.0.399,60,active,LO2,DEFAULT_PT_LO2,LOXY,src/simulation/elements/LO2.cpp
bff38ce6959e1c1a7a4d17d0d5d44d127a0dfcbd,100.0.399,61,active,O2,DEFAULT_PT_O2,OXYG,src/simulation/elements/O2.cpp
bff38ce6959e1c1a7a4d17d0d5d44d127a0dfcbd,100.0.399,62,active,INWR,DEFAULT_PT_INWR,INWR,src/simulation/elements/INWR.cpp
bff38ce6959e1c1a7a4d17d0d5d44d127a0dfcbd,100.0.399,63,active,YEST,DEFAULT_PT_YEST,YEST,src/simulation/elements/YEST.cpp
bff38ce6959e1c1a7a4d17d0d5d44d127a0dfcbd,100.0.399,64,active,DYST,DEFAULT_PT_DYST,DYST,src/simulation/elements/DYST.cpp
bff38ce6959e1c1a7a4d17d0d5d44d127a0dfcbd,100.0.399,65,active,THRM,DEFAULT_PT_THRM,THRM,src/simulation/elements/THRM.cpp
bff38ce6959e1c1a7a4d17d0d5d44d127a0dfcbd,100.0.399,66,active,GLOW,DEFAULT_PT_GLOW,GLOW,src/simulation/elements/GLOW.cpp
bff38ce6959e1c1a7a4d17d0d5d44d127a0dfcbd,100.0.399,67,active,BRCK,DEFAULT_PT_BRCK,BRCK,src/simulation/elements/BRCK.cpp
bff38ce6959e1c1a7a4d17d0d5d44d127a0dfcbd,100.0.399,68,active,CFLM,DEFAULT_PT_HFLM,CFLM,src/simulation/elements/CFLM.cpp
bff38ce6959e1c1a7a4d17d0d5d44d127a0dfcbd,100.0.399,69,active,FIRW,DEFAULT_PT_FIRW,FIRW,src/simulation/elements/FIRW.cpp
bff38ce6959e1c1a7a4d17d0d5d44d127a0dfcbd,100.0.399,70,active,FUSE,DEFAULT_PT_FUSE,FUSE,src/simulation/elements/FUSE.cpp
bff38ce6959e1c1a7a4d17d0d5d44d127a0dfcbd,100.0.399,71,active,FSEP,DEFAULT_PT_FSEP,FSEP,src/simulation/elements/FSEP.cpp
bff38ce6959e1c1a7a4d17d0d5d44d127a0dfcbd,100.0.399,72,active,AMTR,DEFAULT_PT_AMTR,AMTR,src/simulation/elements/AMTR.cpp
bff38ce6959e1c1a7a4d17d0d5d44d127a0dfcbd,100.0.399,73,active,BCOL,DEFAULT_PT_BCOL,BCOL,src/simulation/elements/BCOL.cpp
bff38ce6959e1c1a7a4d17d0d5d44d127a0dfcbd,100.0.399,74,active,PCLN,DEFAULT_PT_PCLN,PCLN,src/simulation/elements/PCLN.cpp
bff38ce6959e1c1a7a4d17d0d5d44d127a0dfcbd,100.0.399,75,active,HSWC,DEFAULT_PT_HSWC,HSWC,src/simulation/elements/HSWC.cpp
bff38ce6959e1c1a7a4d17d0d5d44d127a0dfcbd,100.0.399,76,active,IRON,DEFAULT_PT_IRON,IRON,src/simulation/elements/IRON.cpp
bff38ce6959e1c1a7a4d17d0d5d44d127a0dfcbd,100.0.399,77,active,MORT,DEFAULT_PT_MORT,MORT,src/simulation/elements/MORT.cpp
bff38ce6959e1c1a7a4d17d0d5d44d127a0dfcbd,100.0.399,78,active,LIFE,DEFAULT_PT_LIFE,LIFE,src/simulation/elements/LIFE.cpp
bff38ce6959e1c1a7a4d17d0d5d44d127a0dfcbd,100.0.399,79,active,DLAY,DEFAULT_PT_DLAY,DLAY,src/simulation/elements/DLAY.cpp
bff38ce6959e1c1a7a4d17d0d5d44d127a0dfcbd,100.0.399,80,active,CO2,DEFAULT_PT_CO2,CO2,src/simulation/elements/CO2.cpp
bff38ce6959e1c1a7a4d17d0d5d44d127a0dfcbd,100.0.399,81,active,DRIC,DEFAULT_PT_DRIC,DRIC,src/simulation/elements/DRIC.cpp
bff38ce6959e1c1a7a4d17d0d5d44d127a0dfcbd,100.0.399,82,active,CBNW,DEFAULT_PT_CBNW,BUBW,src/simulation/elements/CBNW.cpp
bff38ce6959e1c1a7a4d17d0d5d44d127a0dfcbd,100.0.399,83,active,STOR,DEFAULT_PT_STOR,STOR,src/simulation/elements/STOR.cpp
bff38ce6959e1c1a7a4d17d0d5d44d127a0dfcbd,100.0.399,84,active,PVOD,DEFAULT_PT_PVOD,PVOD,src/simulation/elements/PVOD.cpp
bff38ce6959e1c1a7a4d17d0d5d44d127a0dfcbd,100.0.399,85,active,CONV,DEFAULT_PT_CONV,CONV,src/simulation/elements/CONV.cpp
bff38ce6959e1c1a7a4d17d0d5d44d127a0dfcbd,100.0.399,86,active,CAUS,DEFAULT_PT_CAUS,CAUS,src/simulation/elements/CAUS.cpp
bff38ce6959e1c1a7a4d17d0d5d44d127a0dfcbd,100.0.399,87,active,LIGH,DEFAULT_PT_LIGH,LIGH,src/simulation/elements/LIGH.cpp
bff38ce6959e1c1a7a4d17d0d5d44d127a0dfcbd,100.0.399,88,active,TESC,DEFAULT_PT_TESC,TESC,src/simulation/elements/TESC.cpp
bff38ce6959e1c1a7a4d17d0d5d44d127a0dfcbd,100.0.399,89,active,DEST,DEFAULT_PT_DEST,DEST,src/simulation/elements/DEST.cpp
bff38ce6959e1c1a7a4d17d0d5d44d127a0dfcbd,100.0.399,90,active,SPNG,DEFAULT_PT_SPNG,SPNG,src/simulation/elements/SPNG.cpp
bff38ce6959e1c1a7a4d17d0d5d44d127a0dfcbd,100.0.399,91,active,RIME,DEFAULT_PT_RIME,RIME,src/simulation/elements/RIME.cpp
bff38ce6959e1c1a7a4d17d0d5d44d127a0dfcbd,100.0.399,92,active,FOG,DEFAULT_PT_FOG,FOG,src/simulation/elements/FOG.cpp
bff38ce6959e1c1a7a4d17d0d5d44d127a0dfcbd,100.0.399,93,active,BCLN,DEFAULT_PT_BCLN,BCLN,src/simulation/elements/BCLN.cpp
bff38ce6959e1c1a7a4d17d0d5d44d127a0dfcbd,100.0.399,94,active,LOVE,DEFAULT_PT_LOVE,LOVE,src/simulation/elements/LOVE.cpp
bff38ce6959e1c1a7a4d17d0d5d44d127a0dfcbd,100.0.399,95,active,DEUT,DEFAULT_PT_DEUT,DEUT,src/simulation/elements/DEUT.cpp
bff38ce6959e1c1a7a4d17d0d5d44d127a0dfcbd,100.0.399,96,active,WARP,DEFAULT_PT_WARP,WARP,src/simulation/elements/WARP.cpp
bff38ce6959e1c1a7a4d17d0d5d44d127a0dfcbd,100.0.399,97,active,PUMP,DEFAULT_PT_PUMP,PUMP,src/simulation/elements/PUMP.cpp
bff38ce6959e1c1a7a4d17d0d5d44d127a0dfcbd,100.0.399,98,active,FWRK,DEFAULT_PT_FWRK,FWRK,src/simulation/elements/FWRK.cpp
bff38ce6959e1c1a7a4d17d0d5d44d127a0dfcbd,100.0.399,99,active,PIPE,DEFAULT_PT_PIPE,PIPE,src/simulation/elements/PIPE.cpp
bff38ce6959e1c1a7a4d17d0d5d44d127a0dfcbd,100.0.399,100,active,FRZZ,DEFAULT_PT_FRZZ,FRZZ,src/simulation/elements/FRZZ.cpp
bff38ce6959e1c1a7a4d17d0d5d44d127a0dfcbd,100.0.399,101,active,FRZW,DEFAULT_PT_FRZW,FRZW,src/simulation/elements/FRZW.cpp
bff38ce6959e1c1a7a4d17d0d5d44d127a0dfcbd,100.0.399,102,active,GRAV,DEFAULT_PT_GRAV,GRAV,src/simulation/elements/GRAV.cpp
bff38ce6959e1c1a7a4d17d0d5d44d127a0dfcbd,100.0.399,103,active,BIZR,DEFAULT_PT_BIZR,BIZR,src/simulation/elements/BIZR.cpp
bff38ce6959e1c1a7a4d17d0d5d44d127a0dfcbd,100.0.399,104,active,BIZRG,DEFAULT_PT_BIZRG,BIZG,src/simulation/elements/BIZRG.cpp
bff38ce6959e1c1a7a4d17d0d5d44d127a0dfcbd,100.0.399,105,active,BIZRS,DEFAULT_PT_BIZRS,BIZS,src/simulation/elements/BIZRS.cpp
bff38ce6959e1c1a7a4d17d0d5d44d127a0dfcbd,100.0.399,106,active,INST,DEFAULT_PT_INST,INST,src/simulation/elements/INST.cpp
bff38ce6959e1c1a7a4d17d0d5d44d127a0dfcbd,100.0.399,107,active,ISOZ,DEFAULT_PT_ISOZ,ISOZ,src/simulation/elements/ISOZ.cpp
bff38ce6959e1c1a7a4d17d0d5d44d127a0dfcbd,100.0.399,108,active,ISZS,DEFAULT_PT_ISZS,ISZS,src/simulation/elements/ISZS.cpp
bff38ce6959e1c1a7a4d17d0d5d44d127a0dfcbd,100.0.399,109,active,PRTI,DEFAULT_PT_PRTI,PRTI,src/simulation/elements/PRTI.cpp
bff38ce6959e1c1a7a4d17d0d5d44d127a0dfcbd,100.0.399,110,active,PRTO,DEFAULT_PT_PRTO,PRTO,src/simulation/elements/PRTO.cpp
bff38ce6959e1c1a7a4d17d0d5d44d127a0dfcbd,100.0.399,111,active,PSTE,DEFAULT_PT_PSTE,PSTE,src/simulation/elements/PSTE.cpp
bff38ce6959e1c1a7a4d17d0d5d44d127a0dfcbd,100.0.399,112,active,PSTS,DEFAULT_PT_PSTS,PSTS,src/simulation/elements/PSTS.cpp
bff38ce6959e1c1a7a4d17d0d5d44d127a0dfcbd,100.0.399,113,active,ANAR,DEFAULT_PT_ANAR,ANAR,src/simulation/elements/ANAR.cpp
bff38ce6959e1c1a7a4d17d0d5d44d127a0dfcbd,100.0.399,114,active,VINE,DEFAULT_PT_VINE,VINE,src/simulation/elements/VINE.cpp
bff38ce6959e1c1a7a4d17d0d5d44d127a0dfcbd,100.0.399,115,active,INVIS,DEFAULT_PT_INVIS,INVS,src/simulation/elements/INVIS.cpp
bff38ce6959e1c1a7a4d17d0d5d44d127a0dfcbd,100.0.399,116,active,E116,DEFAULT_PT_116,EQVE,src/simulation/elements/E116.cpp
bff38ce6959e1c1a7a4d17d0d5d44d127a0dfcbd,100.0.399,117,active,SPAWN2,DEFAULT_PT_SPAWN2,SPWN2,src/simulation/elements/SPAWN2.cpp
bff38ce6959e1c1a7a4d17d0d5d44d127a0dfcbd,100.0.399,118,active,SPAWN,DEFAULT_PT_SPAWN,SPWN,src/simulation/elements/SPAWN.cpp
bff38ce6959e1c1a7a4d17d0d5d44d127a0dfcbd,100.0.399,119,active,SHLD1,DEFAULT_PT_SHLD1,SHLD,src/simulation/elements/SHLD1.cpp
bff38ce6959e1c1a7a4d17d0d5d44d127a0dfcbd,100.0.399,120,active,SHLD2,DEFAULT_PT_SHLD2,SHD2,src/simulation/elements/SHLD2.cpp
bff38ce6959e1c1a7a4d17d0d5d44d127a0dfcbd,100.0.399,121,active,SHLD3,DEFAULT_PT_SHLD3,SHD3,src/simulation/elements/SHLD3.cpp
bff38ce6959e1c1a7a4d17d0d5d44d127a0dfcbd,100.0.399,122,active,SHLD4,DEFAULT_PT_SHLD4,SHD4,src/simulation/elements/SHLD4.cpp
bff38ce6959e1c1a7a4d17d0d5d44d127a0dfcbd,100.0.399,123,active,LOLZ,DEFAULT_PT_LOLZ,LOLZ,src/simulation/elements/LOLZ.cpp
bff38ce6959e1c1a7a4d17d0d5d44d127a0dfcbd,100.0.399,124,active,WIFI,DEFAULT_PT_WIFI,WIFI,src/simulation/elements/WIFI.cpp
bff38ce6959e1c1a7a4d17d0d5d44d127a0dfcbd,100.0.399,125,active,FILT,DEFAULT_PT_FILT,FILT,src/simulation/elements/FILT.cpp
bff38ce6959e1c1a7a4d17d0d5d44d127a0dfcbd,100.0.399,126,active,ARAY,DEFAULT_PT_ARAY,ARAY,src/simulation/elements/ARAY.cpp
bff38ce6959e1c1a7a4d17d0d5d44d127a0dfcbd,100.0.399,127,active,BRAY,DEFAULT_PT_BRAY,BRAY,src/simulation/elements/BRAY.cpp
bff38ce6959e1c1a7a4d17d0d5d44d127a0dfcbd,100.0.399,128,active,STKM2,DEFAULT_PT_STKM2,STK2,src/simulation/elements/STKM2.cpp
bff38ce6959e1c1a7a4d17d0d5d44d127a0dfcbd,100.0.399,129,active,BOMB,DEFAULT_PT_BOMB,BOMB,src/simulation/elements/BOMB.cpp
bff38ce6959e1c1a7a4d17d0d5d44d127a0dfcbd,100.0.399,130,active,C5,DEFAULT_PT_C5,C-5,src/simulation/elements/C5.cpp
bff38ce6959e1c1a7a4d17d0d5d44d127a0dfcbd,100.0.399,131,active,SING,DEFAULT_PT_SING,SING,src/simulation/elements/SING.cpp
bff38ce6959e1c1a7a4d17d0d5d44d127a0dfcbd,100.0.399,132,active,QRTZ,DEFAULT_PT_QRTZ,QRTZ,src/simulation/elements/QRTZ.cpp
bff38ce6959e1c1a7a4d17d0d5d44d127a0dfcbd,100.0.399,133,active,PQRT,DEFAULT_PT_PQRT,PQRT,src/simulation/elements/PQRT.cpp
bff38ce6959e1c1a7a4d17d0d5d44d127a0dfcbd,100.0.399,134,active,EMP,DEFAULT_PT_EMP,EMP,src/simulation/elements/EMP.cpp
bff38ce6959e1c1a7a4d17d0d5d44d127a0dfcbd,100.0.399,135,active,BREC,DEFAULT_PT_BREC,BREL,src/simulation/elements/BREC.cpp
bff38ce6959e1c1a7a4d17d0d5d44d127a0dfcbd,100.0.399,136,active,ELEC,DEFAULT_PT_ELEC,ELEC,src/simulation/elements/ELEC.cpp
bff38ce6959e1c1a7a4d17d0d5d44d127a0dfcbd,100.0.399,137,active,ACEL,DEFAULT_PT_ACEL,ACEL,src/simulation/elements/ACEL.cpp
bff38ce6959e1c1a7a4d17d0d5d44d127a0dfcbd,100.0.399,138,active,DCEL,DEFAULT_PT_DCEL,DCEL,src/simulation/elements/DCEL.cpp
bff38ce6959e1c1a7a4d17d0d5d44d127a0dfcbd,100.0.399,139,active,BANG,DEFAULT_PT_BANG,TNT,src/simulation/elements/BANG.cpp
bff38ce6959e1c1a7a4d17d0d5d44d127a0dfcbd,100.0.399,140,active,IGNT,DEFAULT_PT_IGNT,IGNC,src/simulation/elements/IGNT.cpp
bff38ce6959e1c1a7a4d17d0d5d44d127a0dfcbd,100.0.399,141,active,BOYL,DEFAULT_PT_BOYL,BOYL,src/simulation/elements/BOYL.cpp
bff38ce6959e1c1a7a4d17d0d5d44d127a0dfcbd,100.0.399,142,active,GEL,DEFAULT_PT_GEL,GEL,src/simulation/elements/GEL.cpp
bff38ce6959e1c1a7a4d17d0d5d44d127a0dfcbd,100.0.399,143,active,TRON,DEFAULT_PT_TRON,TRON,src/simulation/elements/TRON.cpp
bff38ce6959e1c1a7a4d17d0d5d44d127a0dfcbd,100.0.399,144,active,TTAN,DEFAULT_PT_TTAN,TTAN,src/simulation/elements/TTAN.cpp
bff38ce6959e1c1a7a4d17d0d5d44d127a0dfcbd,100.0.399,145,active,EXOT,DEFAULT_PT_EXOT,EXOT,src/simulation/elements/EXOT.cpp
bff38ce6959e1c1a7a4d17d0d5d44d127a0dfcbd,100.0.399,146,reserved,disabler(),RESERVED_PT_146,----,
bff38ce6959e1c1a7a4d17d0d5d44d127a0dfcbd,100.0.399,147,active,EMBR,DEFAULT_PT_EMBR,EMBR,src/simulation/elements/EMBR.cpp
bff38ce6959e1c1a7a4d17d0d5d44d127a0dfcbd,100.0.399,148,active,H2,DEFAULT_PT_H2,HYGN,src/simulation/elements/H2.cpp
bff38ce6959e1c1a7a4d17d0d5d44d127a0dfcbd,100.0.399,149,active,SOAP,DEFAULT_PT_SOAP,SOAP,src/simulation/elements/SOAP.cpp
bff38ce6959e1c1a7a4d17d0d5d44d127a0dfcbd,100.0.399,150,active,NBHL,DEFAULT_PT_NBHL,BHOL,src/simulation/elements/NBHL.cpp
bff38ce6959e1c1a7a4d17d0d5d44d127a0dfcbd,100.0.399,151,active,NWHL,DEFAULT_PT_NWHL,WHOL,src/simulation/elements/NWHL.cpp
bff38ce6959e1c1a7a4d17d0d5d44d127a0dfcbd,100.0.399,152,active,MERC,DEFAULT_PT_MERC,MERC,src/simulation/elements/MERC.cpp
bff38ce6959e1c1a7a4d17d0d5d44d127a0dfcbd,100.0.399,153,active,PBCN,DEFAULT_PT_PBCN,PBCN,src/simulation/elements/PBCN.cpp
bff38ce6959e1c1a7a4d17d0d5d44d127a0dfcbd,100.0.399,154,active,GPMP,DEFAULT_PT_GPMP,GPMP,src/simulation/elements/GPMP.cpp
bff38ce6959e1c1a7a4d17d0d5d44d127a0dfcbd,100.0.399,155,active,CLST,DEFAULT_PT_CLST,CLST,src/simulation/elements/CLST.cpp
bff38ce6959e1c1a7a4d17d0d5d44d127a0dfcbd,100.0.399,156,active,WIRE,DEFAULT_PT_WIRE,WWLD,src/simulation/elements/WIRE.cpp
bff38ce6959e1c1a7a4d17d0d5d44d127a0dfcbd,100.0.399,157,active,GBMB,DEFAULT_PT_GBMB,GBMB,src/simulation/elements/GBMB.cpp
bff38ce6959e1c1a7a4d17d0d5d44d127a0dfcbd,100.0.399,158,active,FIGH,DEFAULT_PT_FIGH,FIGH,src/simulation/elements/FIGH.cpp
bff38ce6959e1c1a7a4d17d0d5d44d127a0dfcbd,100.0.399,159,active,FRAY,DEFAULT_PT_FRAY,FRAY,src/simulation/elements/FRAY.cpp
bff38ce6959e1c1a7a4d17d0d5d44d127a0dfcbd,100.0.399,160,active,RPEL,DEFAULT_PT_RPEL,RPEL,src/simulation/elements/RPEL.cpp
bff38ce6959e1c1a7a4d17d0d5d44d127a0dfcbd,100.0.399,161,active,PPIP,DEFAULT_PT_PPIP,PPIP,src/simulation/elements/PPIP.cpp
bff38ce6959e1c1a7a4d17d0d5d44d127a0dfcbd,100.0.399,162,active,DTEC,DEFAULT_PT_DTEC,DTEC,src/simulation/elements/DTEC.cpp
bff38ce6959e1c1a7a4d17d0d5d44d127a0dfcbd,100.0.399,163,active,DMG,DEFAULT_PT_DMG,DMG,src/simulation/elements/DMG.cpp
bff38ce6959e1c1a7a4d17d0d5d44d127a0dfcbd,100.0.399,164,active,TSNS,DEFAULT_PT_TSNS,TSNS,src/simulation/elements/TSNS.cpp
bff38ce6959e1c1a7a4d17d0d5d44d127a0dfcbd,100.0.399,165,active,VIBR,DEFAULT_PT_VIBR,VIBR,src/simulation/elements/VIBR.cpp
bff38ce6959e1c1a7a4d17d0d5d44d127a0dfcbd,100.0.399,166,active,BVBR,DEFAULT_PT_BVBR,BVBR,src/simulation/elements/BVBR.cpp
bff38ce6959e1c1a7a4d17d0d5d44d127a0dfcbd,100.0.399,167,active,CRAY,DEFAULT_PT_CRAY,CRAY,src/simulation/elements/CRAY.cpp
bff38ce6959e1c1a7a4d17d0d5d44d127a0dfcbd,100.0.399,168,active,PSTN,DEFAULT_PT_PSTN,PSTN,src/simulation/elements/PSTN.cpp
bff38ce6959e1c1a7a4d17d0d5d44d127a0dfcbd,100.0.399,169,active,FRME,DEFAULT_PT_FRME,FRME,src/simulation/elements/FRME.cpp
bff38ce6959e1c1a7a4d17d0d5d44d127a0dfcbd,100.0.399,170,active,GOLD,DEFAULT_PT_GOLD,GOLD,src/simulation/elements/GOLD.cpp
bff38ce6959e1c1a7a4d17d0d5d44d127a0dfcbd,100.0.399,171,active,TUNG,DEFAULT_PT_TUNG,TUNG,src/simulation/elements/TUNG.cpp
bff38ce6959e1c1a7a4d17d0d5d44d127a0dfcbd,100.0.399,172,active,PSNS,DEFAULT_PT_PSNS,PSNS,src/simulation/elements/PSNS.cpp
bff38ce6959e1c1a7a4d17d0d5d44d127a0dfcbd,100.0.399,173,active,PROT,DEFAULT_PT_PROT,PROT,src/simulation/elements/PROT.cpp
bff38ce6959e1c1a7a4d17d0d5d44d127a0dfcbd,100.0.399,174,active,VIRS,DEFAULT_PT_VIRS,VIRS,src/simulation/elements/VIRS.cpp
bff38ce6959e1c1a7a4d17d0d5d44d127a0dfcbd,100.0.399,175,active,VRSS,DEFAULT_PT_VRSS,VRSS,src/simulation/elements/VRSS.cpp
bff38ce6959e1c1a7a4d17d0d5d44d127a0dfcbd,100.0.399,176,active,VRSG,DEFAULT_PT_VRSG,VRSG,src/simulation/elements/VRSG.cpp
bff38ce6959e1c1a7a4d17d0d5d44d127a0dfcbd,100.0.399,177,active,GRVT,DEFAULT_PT_GRVT,GRVT,src/simulation/elements/GRVT.cpp
bff38ce6959e1c1a7a4d17d0d5d44d127a0dfcbd,100.0.399,178,active,DRAY,DEFAULT_PT_DRAY,DRAY,src/simulation/elements/DRAY.cpp
bff38ce6959e1c1a7a4d17d0d5d44d127a0dfcbd,100.0.399,179,active,CRMC,DEFAULT_PT_CRMC,CRMC,src/simulation/elements/CRMC.cpp
bff38ce6959e1c1a7a4d17d0d5d44d127a0dfcbd,100.0.399,180,active,HEAC,DEFAULT_PT_HEAC,HEAC,src/simulation/elements/HEAC.cpp
bff38ce6959e1c1a7a4d17d0d5d44d127a0dfcbd,100.0.399,181,active,SAWD,DEFAULT_PT_SAWD,SAWD,src/simulation/elements/SAWD.cpp
bff38ce6959e1c1a7a4d17d0d5d44d127a0dfcbd,100.0.399,182,active,POLO,DEFAULT_PT_POLO,POLO,src/simulation/elements/POLO.cpp
bff38ce6959e1c1a7a4d17d0d5d44d127a0dfcbd,100.0.399,183,active,RFRG,DEFAULT_PT_RFRG,RFRG,src/simulation/elements/RFRG.cpp
bff38ce6959e1c1a7a4d17d0d5d44d127a0dfcbd,100.0.399,184,active,RFGL,DEFAULT_PT_RFGL,RFGL,src/simulation/elements/RFGL.cpp
bff38ce6959e1c1a7a4d17d0d5d44d127a0dfcbd,100.0.399,185,active,LSNS,DEFAULT_PT_LSNS,LSNS,src/simulation/elements/LSNS.cpp
bff38ce6959e1c1a7a4d17d0d5d44d127a0dfcbd,100.0.399,186,active,LDTC,DEFAULT_PT_LDTC,LDTC,src/simulation/elements/LDTC.cpp
bff38ce6959e1c1a7a4d17d0d5d44d127a0dfcbd,100.0.399,187,active,SLCN,DEFAULT_PT_SLCN,SLCN,src/simulation/elements/SLCN.cpp
bff38ce6959e1c1a7a4d17d0d5d44d127a0dfcbd,100.0.399,188,active,PTNM,DEFAULT_PT_PTNM,PTNM,src/simulation/elements/PTNM.cpp
bff38ce6959e1c1a7a4d17d0d5d44d127a0dfcbd,100.0.399,189,active,VSNS,DEFAULT_PT_VSNS,VSNS,src/simulation/elements/VSNS.cpp
bff38ce6959e1c1a7a4d17d0d5d44d127a0dfcbd,100.0.399,190,active,ROCK,DEFAULT_PT_ROCK,ROCK,src/simulation/elements/ROCK.cpp
bff38ce6959e1c1a7a4d17d0d5d44d127a0dfcbd,100.0.399,191,active,LITH,DEFAULT_PT_LITH,LITH,src/simulation/elements/LITH.cpp
bff38ce6959e1c1a7a4d17d0d5d44d127a0dfcbd,100.0.399,192,active,RSST,DEFAULT_PT_RSST,RSST,src/simulation/elements/RSST.cpp
bff38ce6959e1c1a7a4d17d0d5d44d127a0dfcbd,100.0.399,193,active,RSSS,DEFAULT_PT_RSSS,RSSS,src/simulation/elements/RSSS.cpp
bff38ce6959e1c1a7a4d17d0d5d44d127a0dfcbd,100.0.399,194,active,BASE,DEFAULT_PT_BASE,BASE,src/simulation/elements/BASE.cpp
bff38ce6959e1c1a7a4d17d0d5d44d127a0dfcbd,100.0.399,195,active,SEED,DEFAULT_PT_SEED,SEED,src/simulation/elements/SEED.cpp
