compound_id,formula,zh_name,en_name,stable_id,identifier,category,standard_state,status,source_mapping,gameplay_role,tests,notes
compound.ammonia,NH3,氨,Ammonia,361,OMNI_PT_AMON,inorganic_gas,gas,implemented,OMNI_PT_AMON,fertilizer feedstock and acid neutralisation,tools/tests/test_chemistry_audit.py,game-scale synthesis
compound.ethanol,C2H5OH,乙醇,Ethanol,362,OMNI_PT_ETHL,organic_liquid,liquid,implemented,OMNI_PT_ETHL,flammable solvent and fermentation product,tools/tests/test_chemistry_audit.py,not an unlock reward
compound.acetylene,C2H2,乙炔,Acetylene,365,OMNI_PT_ACTY,organic_gas,gas,implemented,OMNI_PT_ACTY,high-energy fuel and polymer feedstock,tools/tests/test_chemistry_audit.py,bounded combustion
compound.hydrogen_peroxide,H2O2,过氧化氢,Hydrogen peroxide,368,OMNI_PT_PERO,inorganic_liquid,liquid,implemented,OMNI_PT_PERO,oxidizer disinfectant and decomposition source,tools/tests/test_chemistry_audit.py,game-scale concentration
compound.water,H2O,水,Water,2,DEFAULT_PT_WATR,inorganic_liquid,liquid,reuse_official,DEFAULT_PT_WATR,solvent phase change and reaction medium,official element tests,generic TPT water representation
compound.carbon_dioxide,CO2,二氧化碳,Carbon dioxide,80,DEFAULT_PT_CO2,oxide,gas,reuse_official,DEFAULT_PT_CO2,combustion product and photosynthesis input,official element tests,official behavior retained
compound.hydrochloric_acid,HCl(aq),盐酸,Hydrochloric acid,462,OMNI_PT_HCLA,acid,liquid,implemented,OMNI_PT_HCLA,chloride chemistry neutralisation and metal corrosion,tools/tests/test_chemistry_audit.py;tools/runtime/chemistry_regression.lua,game-scale aqueous acid
compound.sulfuric_acid,H2SO4,硫酸,Sulfuric acid,463,OMNI_PT_SULA,acid,liquid,implemented,OMNI_PT_SULA,strong acid copper sulfate and sulfur oxide cycle,tools/tests/test_chemistry_audit.py;tools/runtime/chemistry_regression.lua,game-scale concentration
compound.nitric_acid,HNO3,硝酸,Nitric acid,464,OMNI_PT_NITA,acid,liquid,implemented,OMNI_PT_NITA,oxidizing acid nitrate and nitrogen oxide chemistry,tools/tests/test_chemistry_audit.py;tools/runtime/chemistry_regression.lua,game-scale concentration
compound.phosphoric_acid,H3PO4,磷酸,Phosphoric acid,465,OMNI_PT_PHOA,acid,liquid,implemented,OMNI_PT_PHOA,phosphate fertilizer and mild neutralisation chemistry,tools/tests/test_chemistry_audit.py;tools/runtime/chemistry_regression.lua,game-scale concentration
compound.hydrofluoric_acid,HF(aq),氢氟酸,Hydrofluoric acid,466,OMNI_PT_HYFA,acid,liquid,implemented,OMNI_PT_HYFA,glass quartz corrosion and acid neutralisation,tools/tests/test_chemistry_audit.py;tools/runtime/chemistry_regression.lua,uses bounded generic corrosion products
compound.carbonic_acid,H2CO3,碳酸,Carbonic acid,,,acid,liquid,planned,,carbon dioxide water equilibrium,not_tested,stable ID pending audit
compound.sodium_hydroxide,NaOH,氢氧化钠,Sodium hydroxide,467,OMNI_PT_NAOH,base,solid,implemented,OMNI_PT_NAOH,strong base carbonation neutralisation and aluminium attack,tools/tests/test_chemistry_audit.py;tools/runtime/chemistry_regression.lua,game-scale solid powder representation
compound.potassium_hydroxide,KOH,氢氧化钾,Potassium hydroxide,468,OMNI_PT_KOH,base,solid,implemented,OMNI_PT_KOH,strong base nitrate chemistry and aluminium attack,tools/tests/test_chemistry_audit.py;tools/runtime/chemistry_regression.lua,game-scale solid powder representation
compound.calcium_hydroxide,Ca(OH)2,氢氧化钙,Calcium hydroxide,469,OMNI_PT_CAOH,base,powder,implemented,OMNI_PT_CAOH,lime carbonation neutralisation and thermal decomposition,tools/tests/test_chemistry_audit.py;tools/runtime/chemistry_regression.lua,bounded lime cycle
compound.sodium_chloride,NaCl,氯化钠,Sodium chloride,26,DEFAULT_PT_SALT,salt,powder,reuse_official,DEFAULT_PT_SALT,electrolyte chloride and molten salt proxy,official element tests,official generic SALT is the sodium chloride mapping
compound.potassium_nitrate,KNO3,硝酸钾,Potassium nitrate,470,OMNI_PT_KNIT,salt,powder,implemented,OMNI_PT_KNIT,oxidizer fertilizer and bounded game-scale combustion,tools/tests/test_chemistry_audit.py;tools/runtime/chemistry_regression.lua,no real manufacturing instructions or exact ratios
compound.ammonium_nitrate,NH4NO3,硝酸铵,Ammonium nitrate,,,salt,powder,planned,,fertilizer and bounded energetic material,not_tested,no real manufacturing instructions
compound.copper_sulfate,CuSO4,硫酸铜,Copper sulfate,471,OMNI_PT_CUSF,salt,powder,implemented,OMNI_PT_CUSF,sulfate production toxicity and iron displacement,tools/tests/test_chemistry_audit.py;tools/runtime/chemistry_regression.lua,bounded copper recovery
compound.calcium_carbonate,CaCO3,碳酸钙,Calcium carbonate,472,OMNI_PT_CACO,carbonate,powder,implemented,OMNI_PT_CACO,limestone calcination acid response and construction feedstock,tools/tests/test_chemistry_audit.py;tools/runtime/chemistry_regression.lua,bounded lime carbon cycle
compound.sodium_bicarbonate,NaHCO3,碳酸氢钠,Sodium bicarbonate,473,OMNI_PT_NABC,carbonate,powder,implemented,OMNI_PT_NABC,weak-base neutralisation and carbon dioxide release,tools/tests/test_chemistry_audit.py;tools/runtime/chemistry_regression.lua,bounded thermal decomposition
compound.carbon_monoxide,CO,一氧化碳,Carbon monoxide,474,OMNI_PT_COMO,oxide,gas,implemented,OMNI_PT_COMO,toxic reducing gas and hot oxygen combustion,tools/tests/test_chemistry_audit.py;tools/runtime/chemistry_regression.lua,incomplete-combustion production remains future work
compound.sulfur_dioxide,SO2,二氧化硫,Sulfur dioxide,475,OMNI_PT_SODI,oxide,gas,implemented,OMNI_PT_SODI,toxic acidic gas and sulfuric-acid precursor,tools/tests/test_chemistry_audit.py;tools/runtime/chemistry_regression.lua,bounded peroxide oxidation
compound.nitrogen_dioxide,NO2,二氧化氮,Nitrogen dioxide,476,OMNI_PT_NODI,oxide,gas,implemented,OMNI_PT_NODI,toxic oxidizing gas and nitric-acid precursor,tools/tests/test_chemistry_audit.py;tools/runtime/chemistry_regression.lua,bounded peroxide oxidation
compound.silicon_dioxide,SiO2,二氧化硅,Silicon dioxide,,,oxide,solid,planned,,quartz glass and ceramic feedstock,not_tested,official QRTZ mapping requires behavior audit
compound.aluminium_oxide,Al2O3,氧化铝,Aluminium oxide,,,oxide,solid,planned,,ceramic refractory and ore processing,not_tested,stable ID pending audit
compound.calcium_oxide,CaO,氧化钙,Calcium oxide,477,OMNI_PT_CAOX,oxide,powder,implemented,OMNI_PT_CAOX,lime hydration calcination and construction chemistry,tools/tests/test_chemistry_audit.py;tools/runtime/chemistry_regression.lua,bounded exothermic hydration
compound.hydrogen_sulfide,H2S,硫化氢,Hydrogen sulfide,,,inorganic_gas,gas,planned,,toxic gas sulfide chemistry and combustion,not_tested,stable ID pending audit
compound.silicon_carbide,SiC,碳化硅,Silicon carbide,,,ceramic,solid,planned,,hard refractory and semiconductor material,not_tested,stable ID pending audit
compound.boron_nitride,BN,氮化硼,Boron nitride,,,ceramic,solid,planned,,insulating refractory and special material,not_tested,stable ID pending audit
compound.silicon_nitride,Si3N4,氮化硅,Silicon nitride,,,ceramic,solid,planned,,strong thermal-shock-resistant ceramic,not_tested,stable ID pending audit
