identifier,stable_id,content_kind,main_menu_policy,periodic_atomic_numbers,standalone_menu
RESERVED_PT_196,196,hidden_internal,hidden,,
RESERVED_PT_197,197,hidden_internal,hidden,,
RESERVED_PT_198,198,hidden_internal,hidden,,
RESERVED_PT_199,199,hidden_internal,hidden,,
RESERVED_PT_200,200,hidden_internal,hidden,,
RESERVED_PT_201,201,hidden_internal,hidden,,
RESERVED_PT_202,202,hidden_internal,hidden,,
RESERVED_PT_203,203,hidden_internal,hidden,,
RESERVED_PT_204,204,hidden_internal,hidden,,
RESERVED_PT_205,205,hidden_internal,hidden,,
RESERVED_PT_206,206,hidden_internal,hidden,,
RESERVED_PT_207,207,hidden_internal,hidden,,
RESERVED_PT_208,208,hidden_internal,hidden,,
RESERVED_PT_209,209,hidden_internal,hidden,,
RESERVED_PT_210,210,hidden_internal,hidden,,
RESERVED_PT_211,211,hidden_internal,hidden,,
RESERVED_PT_212,212,hidden_internal,hidden,,
RESERVED_PT_213,213,hidden_internal,hidden,,
RESERVED_PT_214,214,hidden_internal,hidden,,
RESERVED_PT_215,215,hidden_internal,hidden,,
RESERVED_PT_216,216,hidden_internal,hidden,,
RESERVED_PT_217,217,hidden_internal,hidden,,
RESERVED_PT_218,218,hidden_internal,hidden,,
RESERVED_PT_219,219,hidden_internal,hidden,,
RESERVED_PT_220,220,hidden_internal,hidden,,
RESERVED_PT_221,221,hidden_internal,hidden,,
RESERVED_PT_222,222,hidden_internal,hidden,,
RESERVED_PT_223,223,hidden_internal,hidden,,
RESERVED_PT_224,224,hidden_internal,hidden,,
RESERVED_PT_225,225,hidden_internal,hidden,,
RESERVED_PT_226,226,hidden_internal,hidden,,
RESERVED_PT_227,227,hidden_internal,hidden,,
RESERVED_PT_228,228,hidden_internal,hidden,,
RESERVED_PT_229,229,hidden_internal,hidden,,
RESERVED_PT_230,230,hidden_internal,hidden,,
RESERVED_PT_231,231,hidden_internal,hidden,,
RESERVED_PT_232,232,hidden_internal,hidden,,
RESERVED_PT_233,233,hidden_internal,hidden,,
RESERVED_PT_234,234,hidden_internal,hidden,,
RESERVED_PT_235,235,hidden_internal,hidden,,
RESERVED_PT_236,236,hidden_internal,hidden,,
RESERVED_PT_237,237,hidden_internal,hidden,,
RESERVED_PT_238,238,hidden_internal,hidden,,
RESERVED_PT_239,239,hidden_internal,hidden,,
RESERVED_PT_240,240,hidden_internal,hidden,,
RESERVED_PT_241,241,hidden_internal,hidden,,
RESERVED_PT_242,242,hidden_internal,hidden,,
RESERVED_PT_243,243,hidden_internal,hidden,,
RESERVED_PT_244,244,hidden_internal,hidden,,
RESERVED_PT_245,245,hidden_internal,hidden,,
RESERVED_PT_246,246,hidden_internal,hidden,,
RESERVED_PT_247,247,hidden_internal,hidden,,
RESERVED_PT_248,248,hidden_internal,hidden,,
RESERVED_PT_249,249,hidden_internal,hidden,,
RESERVED_PT_250,250,hidden_internal,hidden,,
RESERVED_PT_251,251,hidden_internal,hidden,,
RESERVED_PT_252,252,hidden_internal,hidden,,
RESERVED_PT_253,253,hidden_internal,hidden,,
RESERVED_PT_254,254,hidden_internal,hidden,,
RESERVED_PT_255,255,hidden_internal,hidden,,
OMNI_PT_ALUM,256,periodic_element,periodic_only,13,periodic_table
OMNI_PT_COPR,257,periodic_element,periodic_only,29,periodic_table
OMNI_PT_LEAD,258,periodic_element,periodic_only,82,periodic_table
OMNI_PT_TIN,259,periodic_element,periodic_only,50,periodic_table
OMNI_PT_NICL,260,periodic_element,periodic_only,28,periodic_table
OMNI_PT_MAGN,261,periodic_element,periodic_only,12,periodic_table
OMNI_PT_CHRM,262,periodic_element,periodic_only,24,periodic_table
OMNI_PT_COBT,263,periodic_element,periodic_only,27,periodic_table
OMNI_PT_MOLY,264,periodic_element,periodic_only,42,periodic_table
OMNI_PT_ZINC,265,periodic_element,periodic_only,30,periodic_table
OMNI_PT_CHRC,266,alloy_engineering,alloy_menu,,SC_OMNI_ALLOY
OMNI_PT_COKE,267,alloy_engineering,alloy_menu,,SC_OMNI_ALLOY
OMNI_PT_STEL,268,alloy_engineering,alloy_menu,,SC_OMNI_ALLOY
OMNI_PT_BRNZ,269,alloy_engineering,alloy_menu,,SC_OMNI_ALLOY
OMNI_PT_BRAS,270,alloy_engineering,alloy_menu,,SC_OMNI_ALLOY
OMNI_PT_SSIL,271,alloy_engineering,alloy_menu,,SC_OMNI_ALLOY
OMNI_PT_NCRM,272,alloy_engineering,alloy_menu,,SC_OMNI_ALLOY
OMNI_PT_ALMG,273,alloy_engineering,alloy_menu,,SC_OMNI_ALLOY
OMNI_PT_TSTL,274,alloy_engineering,alloy_menu,,SC_OMNI_ALLOY
OMNI_PT_SLAG,275,alloy_engineering,alloy_menu,,SC_OMNI_ALLOY
OMNI_PT_FLUX,276,alloy_engineering,alloy_menu,,SC_OMNI_ALLOY
OMNI_PT_CRUC,277,alloy_engineering,alloy_menu,,SC_OMNI_ALLOY
OMNI_PT_MSCR,278,compatibility_alias,hidden,,
RESERVED_PT_279,279,hidden_internal,hidden,,
RESERVED_PT_280,280,hidden_internal,hidden,,
RESERVED_PT_281,281,hidden_internal,hidden,,
RESERVED_PT_282,282,hidden_internal,hidden,,
RESERVED_PT_283,283,hidden_internal,hidden,,
RESERVED_PT_284,284,hidden_internal,hidden,,
RESERVED_PT_285,285,hidden_internal,hidden,,
RESERVED_PT_286,286,hidden_internal,hidden,,
RESERVED_PT_287,287,hidden_internal,hidden,,
OMNI_PT_NUTR,288,ecology_material,preserve_existing,,SC_POWDERS
OMNI_PT_ALGA,289,ecology_material,preserve_existing,,SC_LIQUID
OMNI_PT_MYCL,290,ecology_material,preserve_existing,,SC_SOLIDS
OMNI_PT_SPOR,291,ecology_material,preserve_existing,,SC_POWDERS
OMNI_PT_PATH,292,ecology_material,preserve_existing,,SC_LIQUID
OMNI_PT_STER,293,ecology_material,preserve_existing,,SC_POWDERS
OMNI_PT_HUMS,294,ecology_material,preserve_existing,,SC_POWDERS
OMNI_PT_BIOF,295,ecology_material,preserve_existing,,SC_SOLIDS
RESERVED_PT_296,296,hidden_internal,hidden,,
RESERVED_PT_297,297,hidden_internal,hidden,,
RESERVED_PT_298,298,hidden_internal,hidden,,
RESERVED_PT_299,299,hidden_internal,hidden,,
RESERVED_PT_300,300,hidden_internal,hidden,,
RESERVED_PT_301,301,hidden_internal,hidden,,
RESERVED_PT_302,302,hidden_internal,hidden,,
RESERVED_PT_303,303,hidden_internal,hidden,,
RESERVED_PT_304,304,hidden_internal,hidden,,
RESERVED_PT_305,305,hidden_internal,hidden,,
RESERVED_PT_306,306,hidden_internal,hidden,,
RESERVED_PT_307,307,hidden_internal,hidden,,
RESERVED_PT_308,308,hidden_internal,hidden,,
RESERVED_PT_309,309,hidden_internal,hidden,,
RESERVED_PT_310,310,hidden_internal,hidden,,
RESERVED_PT_311,311,hidden_internal,hidden,,
RESERVED_PT_312,312,hidden_internal,hidden,,
RESERVED_PT_313,313,hidden_internal,hidden,,
RESERVED_PT_314,314,hidden_internal,hidden,,
RESERVED_PT_315,315,hidden_internal,hidden,,
RESERVED_PT_316,316,hidden_internal,hidden,,
RESERVED_PT_317,317,hidden_internal,hidden,,
RESERVED_PT_318,318,hidden_internal,hidden,,
RESERVED_PT_319,319,hidden_internal,hidden,,
RESERVED_PT_320,320,hidden_internal,hidden,,
RESERVED_PT_321,321,hidden_internal,hidden,,
RESERVED_PT_322,322,hidden_internal,hidden,,
RESERVED_PT_323,323,hidden_internal,hidden,,
RESERVED_PT_324,324,hidden_internal,hidden,,
RESERVED_PT_325,325,hidden_internal,hidden,,
RESERVED_PT_326,326,hidden_internal,hidden,,
RESERVED_PT_327,327,hidden_internal,hidden,,
OMNI_PT_NFUL,328,nuclear_device,existing_dedicated_menu,,SC_NUCLEAR
OMNI_PT_MODR,329,nuclear_device,existing_dedicated_menu,,SC_NUCLEAR
OMNI_PT_CROD,330,nuclear_device,existing_dedicated_menu,,SC_NUCLEAR
OMNI_PT_NCLT,331,nuclear_device,existing_dedicated_menu,,SC_NUCLEAR
OMNI_PT_NWST,332,nuclear_device,existing_dedicated_menu,,SC_NUCLEAR
OMNI_PT_NGEN,333,nuclear_device,existing_dedicated_menu,,SC_NUCLEAR
OMNI_PT_RSHD,334,nuclear_device,existing_dedicated_menu,,SC_NUCLEAR
RESERVED_PT_335,335,hidden_internal,hidden,,
RESERVED_PT_336,336,hidden_internal,hidden,,
RESERVED_PT_337,337,hidden_internal,hidden,,
RESERVED_PT_338,338,hidden_internal,hidden,,
RESERVED_PT_339,339,hidden_internal,hidden,,
RESERVED_PT_340,340,hidden_internal,hidden,,
RESERVED_PT_341,341,hidden_internal,hidden,,
RESERVED_PT_342,342,hidden_internal,hidden,,
RESERVED_PT_343,343,hidden_internal,hidden,,
RESERVED_PT_344,344,hidden_internal,hidden,,
RESERVED_PT_345,345,hidden_internal,hidden,,
RESERVED_PT_346,346,hidden_internal,hidden,,
RESERVED_PT_347,347,hidden_internal,hidden,,
RESERVED_PT_348,348,hidden_internal,hidden,,
RESERVED_PT_349,349,hidden_internal,hidden,,
RESERVED_PT_350,350,hidden_internal,hidden,,
RESERVED_PT_351,351,hidden_internal,hidden,,
RESERVED_PT_352,352,hidden_internal,hidden,,
RESERVED_PT_353,353,hidden_internal,hidden,,
RESERVED_PT_354,354,hidden_internal,hidden,,
RESERVED_PT_355,355,hidden_internal,hidden,,
RESERVED_PT_356,356,hidden_internal,hidden,,
RESERVED_PT_357,357,hidden_internal,hidden,,
RESERVED_PT_358,358,hidden_internal,hidden,,
RESERVED_PT_359,359,hidden_internal,hidden,,
OMNI_PT_CHLR,360,periodic_element,periodic_only,17,periodic_table
OMNI_PT_AMON,361,inorganic_compound,periodic_only,1|7,periodic_table
OMNI_PT_ETHL,362,organic_material,organic_menu,,SC_OMNI_ORGANIC
OMNI_PT_KERO,363,organic_material,organic_menu,,SC_OMNI_ORGANIC
OMNI_PT_GASO,364,organic_material,organic_menu,,SC_OMNI_ORGANIC
OMNI_PT_ACTY,365,organic_material,organic_menu,,SC_OMNI_ORGANIC
OMNI_PT_CATA,366,custom_special,preserve_existing,,SC_SOLIDS
OMNI_PT_POLY,367,organic_material,organic_menu,,SC_OMNI_ORGANIC
OMNI_PT_PERO,368,inorganic_compound,periodic_only,1|8,periodic_table
OMNI_PT_FERT,369,ecology_material,preserve_existing,,SC_POWDERS
OMNI_PT_HE,370,periodic_element,periodic_only,2,periodic_table
OMNI_PT_BE,371,periodic_element,periodic_only,4,periodic_table
OMNI_PT_B,372,periodic_element,periodic_only,5,periodic_table
OMNI_PT_N,373,periodic_element,periodic_only,7,periodic_table
OMNI_PT_F,374,periodic_element,periodic_only,9,periodic_table
OMNI_PT_NE,375,periodic_element,periodic_only,10,periodic_table
OMNI_PT_NA,376,periodic_element,periodic_only,11,periodic_table
OMNI_PT_P,377,periodic_element,periodic_only,15,periodic_table
OMNI_PT_S,378,periodic_element,periodic_only,16,periodic_table
OMNI_PT_AR,379,periodic_element,periodic_only,18,periodic_table
OMNI_PT_K,380,periodic_element,periodic_only,19,periodic_table
OMNI_PT_CA,381,periodic_element,periodic_only,20,periodic_table
OMNI_PT_SC,382,periodic_element,periodic_only,21,periodic_table
OMNI_PT_V,383,periodic_element,periodic_only,23,periodic_table
OMNI_PT_MN,384,periodic_element,periodic_only,25,periodic_table
OMNI_PT_GA,385,periodic_element,periodic_only,31,periodic_table
OMNI_PT_GE,386,periodic_element,periodic_only,32,periodic_table
OMNI_PT_AS,387,periodic_element,periodic_only,33,periodic_table
OMNI_PT_SE,388,periodic_element,periodic_only,34,periodic_table
OMNI_PT_BR,389,periodic_element,periodic_only,35,periodic_table
OMNI_PT_KR,390,periodic_element,periodic_only,36,periodic_table
OMNI_PT_SR,391,periodic_element,periodic_only,38,periodic_table
OMNI_PT_Y,392,periodic_element,periodic_only,39,periodic_table
OMNI_PT_ZR,393,periodic_element,periodic_only,40,periodic_table
OMNI_PT_NB,394,periodic_element,periodic_only,41,periodic_table
OMNI_PT_TC,395,periodic_element,periodic_only,43,periodic_table
OMNI_PT_RU,396,periodic_element,periodic_only,44,periodic_table
OMNI_PT_RH,397,periodic_element,periodic_only,45,periodic_table
OMNI_PT_PD,398,periodic_element,periodic_only,46,periodic_table
OMNI_PT_AG,399,periodic_element,periodic_only,47,periodic_table
OMNI_PT_CD,400,periodic_element,periodic_only,48,periodic_table
OMNI_PT_IN,401,periodic_element,periodic_only,49,periodic_table
OMNI_PT_SB,402,periodic_element,periodic_only,51,periodic_table
OMNI_PT_TE,403,periodic_element,periodic_only,52,periodic_table
OMNI_PT_I,404,periodic_element,periodic_only,53,periodic_table
OMNI_PT_XE,405,periodic_element,periodic_only,54,periodic_table
OMNI_PT_CS,406,periodic_element,periodic_only,55,periodic_table
OMNI_PT_BA,407,periodic_element,periodic_only,56,periodic_table
OMNI_PT_LA,408,periodic_element,periodic_only,57,periodic_table
OMNI_PT_CE,409,periodic_element,periodic_only,58,periodic_table
OMNI_PT_PR,410,periodic_element,periodic_only,59,periodic_table
OMNI_PT_ND,411,periodic_element,periodic_only,60,periodic_table
OMNI_PT_PM,412,periodic_element,periodic_only,61,periodic_table
OMNI_PT_SM,413,periodic_element,periodic_only,62,periodic_table
OMNI_PT_EU,414,periodic_element,periodic_only,63,periodic_table
OMNI_PT_GD,415,periodic_element,periodic_only,64,periodic_table
OMNI_PT_TB,416,periodic_element,periodic_only,65,periodic_table
OMNI_PT_DY,417,periodic_element,periodic_only,66,periodic_table
OMNI_PT_HO,418,periodic_element,periodic_only,67,periodic_table
OMNI_PT_ER,419,periodic_element,periodic_only,68,periodic_table
OMNI_PT_TM,420,periodic_element,periodic_only,69,periodic_table
OMNI_PT_YB,421,periodic_element,periodic_only,70,periodic_table
OMNI_PT_LU,422,periodic_element,periodic_only,71,periodic_table
OMNI_PT_HF,423,periodic_element,periodic_only,72,periodic_table
OMNI_PT_TA,424,periodic_element,periodic_only,73,periodic_table
OMNI_PT_RE,425,periodic_element,periodic_only,75,periodic_table
OMNI_PT_OS,426,periodic_element,periodic_only,76,periodic_table
OMNI_PT_IR,427,periodic_element,periodic_only,77,periodic_table
OMNI_PT_TL,428,periodic_element,periodic_only,81,periodic_table
OMNI_PT_BI,429,periodic_element,periodic_only,83,periodic_table
OMNI_PT_AT,430,periodic_element,periodic_only,85,periodic_table
OMNI_PT_RN,431,periodic_element,periodic_only,86,periodic_table
OMNI_PT_FR,432,periodic_element,periodic_only,87,periodic_table
OMNI_PT_RA,433,periodic_element,periodic_only,88,periodic_table
OMNI_PT_AC,434,periodic_element,periodic_only,89,periodic_table
OMNI_PT_TH,435,periodic_element,periodic_only,90,periodic_table
OMNI_PT_PA,436,periodic_element,periodic_only,91,periodic_table
OMNI_PT_NP,437,periodic_element,periodic_only,93,periodic_table
OMNI_PT_AM,438,periodic_element,periodic_only,95,periodic_table
OMNI_PT_CM,439,periodic_element,periodic_only,96,periodic_table
OMNI_PT_BK,440,periodic_element,periodic_only,97,periodic_table
OMNI_PT_CF,441,periodic_element,periodic_only,98,periodic_table
OMNI_PT_ES,442,periodic_element,periodic_only,99,periodic_table
OMNI_PT_FM,443,periodic_element,periodic_only,100,periodic_table
OMNI_PT_MD,444,periodic_element,periodic_only,101,periodic_table
OMNI_PT_NO,445,periodic_element,periodic_only,102,periodic_table
OMNI_PT_LR,446,periodic_element,periodic_only,103,periodic_table
OMNI_PT_RF,447,periodic_element,periodic_only,104,periodic_table
OMNI_PT_DB,448,periodic_element,periodic_only,105,periodic_table
OMNI_PT_SG,449,periodic_element,periodic_only,106,periodic_table
OMNI_PT_BH,450,periodic_element,periodic_only,107,periodic_table
OMNI_PT_HS,451,periodic_element,periodic_only,108,periodic_table
OMNI_PT_MT,452,periodic_element,periodic_only,109,periodic_table
OMNI_PT_DS,453,periodic_element,periodic_only,110,periodic_table
OMNI_PT_RG,454,periodic_element,periodic_only,111,periodic_table
OMNI_PT_CN,455,periodic_element,periodic_only,112,periodic_table
OMNI_PT_NH,456,periodic_element,periodic_only,113,periodic_table
OMNI_PT_FL,457,periodic_element,periodic_only,114,periodic_table
OMNI_PT_MC,458,periodic_element,periodic_only,115,periodic_table
OMNI_PT_LV,459,periodic_element,periodic_only,116,periodic_table
OMNI_PT_TS,460,periodic_element,periodic_only,117,periodic_table
OMNI_PT_OG,461,periodic_element,periodic_only,118,periodic_table
OMNI_PT_HCLA,462,inorganic_compound,periodic_only,1|17,periodic_table
OMNI_PT_SULA,463,inorganic_compound,periodic_only,1|8|16,periodic_table
OMNI_PT_NITA,464,inorganic_compound,periodic_only,1|7|8,periodic_table
OMNI_PT_PHOA,465,inorganic_compound,periodic_only,1|8|15,periodic_table
OMNI_PT_HYFA,466,inorganic_compound,periodic_only,1|9,periodic_table
OMNI_PT_NAOH,467,inorganic_compound,periodic_only,1|8|11,periodic_table
OMNI_PT_KOH,468,inorganic_compound,periodic_only,1|8|19,periodic_table
OMNI_PT_CAOH,469,inorganic_compound,periodic_only,1|8|20,periodic_table
OMNI_PT_KNIT,470,inorganic_compound,periodic_only,7|8|19,periodic_table
OMNI_PT_CUSF,471,inorganic_compound,periodic_only,8|16|29,periodic_table
OMNI_PT_CACO,472,inorganic_compound,periodic_only,6|8|20,periodic_table
OMNI_PT_NABC,473,inorganic_compound,periodic_only,1|6|8|11,periodic_table
OMNI_PT_COMO,474,inorganic_compound,periodic_only,6|8,periodic_table
OMNI_PT_SODI,475,inorganic_compound,periodic_only,8|16,periodic_table
OMNI_PT_NODI,476,inorganic_compound,periodic_only,7|8,periodic_table
OMNI_PT_CAOX,477,inorganic_compound,periodic_only,8|20,periodic_table
OMNI_PT_CARA,478,inorganic_compound,periodic_only,1|6|8,periodic_table
OMNI_PT_H2SG,479,inorganic_compound,periodic_only,1|16,periodic_table
OMNI_PT_AMWA,480,inorganic_compound,periodic_only,1|7|8,periodic_table
OMNI_PT_BAOH,481,inorganic_compound,periodic_only,1|8|56,periodic_table
OMNI_PT_KCL,482,inorganic_compound,periodic_only,17|19,periodic_table
OMNI_PT_CACL,483,inorganic_compound,periodic_only,17|20,periodic_table
OMNI_PT_FECL,484,inorganic_compound,periodic_only,17|26,periodic_table
OMNI_PT_NASF,485,inorganic_compound,periodic_only,8|11|16,periodic_table
OMNI_PT_AMNT,486,inorganic_compound,periodic_only,1|7|8,periodic_table
OMNI_PT_NACO,487,inorganic_compound,periodic_only,6|8|11,periodic_table
OMNI_PT_KPER,488,inorganic_compound,periodic_only,8|19|25,periodic_table
OMNI_PT_ALOX,489,inorganic_compound,periodic_only,8|13,periodic_table
OMNI_PT_MGOX,490,inorganic_compound,periodic_only,8|12,periodic_table
OMNI_PT_FEOX,491,inorganic_compound,periodic_only,8|26,periodic_table
OMNI_PT_CUOX,492,inorganic_compound,periodic_only,8|29,periodic_table
OMNI_PT_ZNOX,493,inorganic_compound,periodic_only,8|30,periodic_table
OMNI_PT_SUTR,494,inorganic_compound,periodic_only,8|16,periodic_table
OMNI_PT_NIMO,495,inorganic_compound,periodic_only,7|8,periodic_table
OMNI_PT_TIOX,496,inorganic_compound,periodic_only,8|22,periodic_table
OMNI_PT_UROX,497,inorganic_compound,periodic_only,8|92,periodic_table
OMNI_PT_CAPH,498,inorganic_compound,periodic_only,8|15|20,periodic_table
OMNI_PT_FESF,499,inorganic_compound,periodic_only,16|26,periodic_table
OMNI_PT_NASD,500,inorganic_compound,periodic_only,11|16,periodic_table
OMNI_PT_HYCN,501,inorganic_compound,periodic_only,1|6|7,periodic_table
OMNI_PT_CACB,502,inorganic_compound,periodic_only,6|20,periodic_table
OMNI_PT_SICB,503,alloy_engineering,alloy_menu,,SC_OMNI_ALLOY
OMNI_PT_BORN,504,alloy_engineering,alloy_menu,,SC_OMNI_ALLOY
OMNI_PT_SINT,505,alloy_engineering,alloy_menu,,SC_OMNI_ALLOY
OMNI_PT_NAHY,506,inorganic_compound,periodic_only,1|11,periodic_table
OMNI_PT_CAHY,507,inorganic_compound,periodic_only,1|20,periodic_table
OMNI_PT_ALCL,508,inorganic_compound,periodic_only,13|17,periodic_table
OMNI_PT_MGCL,509,inorganic_compound,periodic_only,12|17,periodic_table
OMNI_PT_CUCL,510,inorganic_compound,periodic_only,17|29,periodic_table
OMNI_PT_AMCL,511,inorganic_compound,periodic_only,1|7|17,periodic_table
OMNI_PT_SOLD,512,alloy_engineering,alloy_menu,,SC_OMNI_ALLOY
OMNI_PT_CSTI,513,alloy_engineering,alloy_menu,,SC_OMNI_ALLOY
OMNI_PT_CUNI,514,alloy_engineering,alloy_menu,,SC_OMNI_ALLOY
OMNI_PT_TIAL,515,alloy_engineering,alloy_menu,,SC_OMNI_ALLOY
OMNI_PT_NSAL,516,alloy_engineering,alloy_menu,,SC_OMNI_ALLOY
OMNI_PT_WALY,517,alloy_engineering,alloy_menu,,SC_OMNI_ALLOY
OMNI_PT_ZRAL,518,alloy_engineering,alloy_menu,,SC_OMNI_ALLOY
OMNI_PT_CNST,519,alloy_engineering,alloy_menu,,SC_OMNI_ALLOY
OMNI_PT_NITI,520,alloy_engineering,alloy_menu,,SC_OMNI_ALLOY
OMNI_PT_GYPS,521,alloy_engineering,alloy_menu,,SC_OMNI_ALLOY
OMNI_PT_BAUX,522,alloy_engineering,alloy_menu,,SC_OMNI_ALLOY
OMNI_PT_CUOR,523,alloy_engineering,alloy_menu,,SC_OMNI_ALLOY
OMNI_PT_ZNOR,524,alloy_engineering,alloy_menu,,SC_OMNI_ALLOY
OMNI_PT_PBOR,525,alloy_engineering,alloy_menu,,SC_OMNI_ALLOY
OMNI_PT_UORE,526,alloy_engineering,alloy_menu,,SC_OMNI_ALLOY
OMNI_PT_FELD,527,alloy_engineering,alloy_menu,,SC_OMNI_ALLOY
OMNI_PT_CEMT,528,alloy_engineering,alloy_menu,,SC_OMNI_ALLOY
OMNI_PT_ALCR,529,alloy_engineering,alloy_menu,,SC_OMNI_ALLOY
OMNI_PT_BSGL,530,alloy_engineering,alloy_menu,,SC_OMNI_ALLOY
OMNI_PT_QGLS,531,alloy_engineering,alloy_menu,,SC_OMNI_ALLOY
OMNI_PT_RFBK,532,alloy_engineering,alloy_menu,,SC_OMNI_ALLOY
RESERVED_PT_533,533,hidden_internal,hidden,,
RESERVED_PT_534,534,hidden_internal,hidden,,
RESERVED_PT_535,535,hidden_internal,hidden,,
RESERVED_PT_536,536,hidden_internal,hidden,,
RESERVED_PT_537,537,hidden_internal,hidden,,
RESERVED_PT_538,538,hidden_internal,hidden,,
RESERVED_PT_539,539,hidden_internal,hidden,,
RESERVED_PT_540,540,hidden_internal,hidden,,
RESERVED_PT_541,541,hidden_internal,hidden,,
RESERVED_PT_542,542,hidden_internal,hidden,,
RESERVED_PT_543,543,hidden_internal,hidden,,
RESERVED_PT_544,544,hidden_internal,hidden,,
RESERVED_PT_545,545,hidden_internal,hidden,,
RESERVED_PT_546,546,hidden_internal,hidden,,
RESERVED_PT_547,547,hidden_internal,hidden,,
RESERVED_PT_548,548,hidden_internal,hidden,,
RESERVED_PT_549,549,hidden_internal,hidden,,
RESERVED_PT_550,550,hidden_internal,hidden,,
RESERVED_PT_551,551,hidden_internal,hidden,,
RESERVED_PT_552,552,hidden_internal,hidden,,
RESERVED_PT_553,553,hidden_internal,hidden,,
RESERVED_PT_554,554,hidden_internal,hidden,,
RESERVED_PT_555,555,hidden_internal,hidden,,
RESERVED_PT_556,556,hidden_internal,hidden,,
RESERVED_PT_557,557,hidden_internal,hidden,,
RESERVED_PT_558,558,hidden_internal,hidden,,
RESERVED_PT_559,559,hidden_internal,hidden,,
RESERVED_PT_560,560,hidden_internal,hidden,,
RESERVED_PT_561,561,hidden_internal,hidden,,
RESERVED_PT_562,562,hidden_internal,hidden,,
RESERVED_PT_563,563,hidden_internal,hidden,,
RESERVED_PT_564,564,hidden_internal,hidden,,
RESERVED_PT_565,565,hidden_internal,hidden,,
RESERVED_PT_566,566,hidden_internal,hidden,,
RESERVED_PT_567,567,hidden_internal,hidden,,
RESERVED_PT_568,568,hidden_internal,hidden,,
RESERVED_PT_569,569,hidden_internal,hidden,,
RESERVED_PT_570,570,hidden_internal,hidden,,
RESERVED_PT_571,571,hidden_internal,hidden,,
RESERVED_PT_572,572,hidden_internal,hidden,,
RESERVED_PT_573,573,hidden_internal,hidden,,
RESERVED_PT_574,574,hidden_internal,hidden,,
RESERVED_PT_575,575,hidden_internal,hidden,,
OMNI_PT_H2IS,576,isotope,periodic_only,1,periodic_table
OMNI_PT_H3IS,577,isotope,periodic_only,1,periodic_table
OMNI_PT_C14I,578,isotope,periodic_only,6,periodic_table
OMNI_PT_CO60,579,isotope,periodic_only,27,periodic_table
OMNI_PT_SR90,580,isotope,periodic_only,38,periodic_table
OMNI_PT_I131,581,isotope,periodic_only,53,periodic_table
OMNI_PT_CS37,582,isotope,periodic_only,55,periodic_table
OMNI_PT_TH32,583,isotope,periodic_only,90,periodic_table
OMNI_PT_U235,584,isotope,periodic_only,92,periodic_table
OMNI_PT_U238,585,isotope,periodic_only,92,periodic_table
OMNI_PT_PU39,586,isotope,periodic_only,94,periodic_table
OMNI_PT_AM41,587,isotope,periodic_only,95,periodic_table
OMNI_PT_CF52,588,isotope,periodic_only,98,periodic_table
OMNI_PT_CH4M,589,organic_material,organic_menu,,SC_OMNI_ORGANIC
OMNI_PT_ETHA,590,organic_material,organic_menu,,SC_OMNI_ORGANIC
OMNI_PT_PROP,591,organic_material,organic_menu,,SC_OMNI_ORGANIC
OMNI_PT_BUTA,592,organic_material,organic_menu,,SC_OMNI_ORGANIC
OMNI_PT_ETHE,593,organic_material,organic_menu,,SC_OMNI_ORGANIC
OMNI_PT_METH,594,organic_material,organic_menu,,SC_OMNI_ORGANIC
OMNI_PT_ACET,595,organic_material,organic_menu,,SC_OMNI_ORGANIC
OMNI_PT_BENZ,596,organic_material,organic_menu,,SC_OMNI_ORGANIC
OMNI_PT_TOLU,597,organic_material,organic_menu,,SC_OMNI_ORGANIC
OMNI_PT_GLYC,598,organic_material,organic_menu,,SC_OMNI_ORGANIC
OMNI_PT_ACTA,599,organic_material,organic_menu,,SC_OMNI_ORGANIC
OMNI_PT_UREA,600,organic_material,organic_menu,,SC_OMNI_ORGANIC
OMNI_PT_FATS,601,organic_material,organic_menu,,SC_OMNI_ORGANIC
OMNI_PT_GLUC,602,organic_material,organic_menu,,SC_OMNI_ORGANIC
OMNI_PT_STRC,603,organic_material,organic_menu,,SC_OMNI_ORGANIC
OMNI_PT_CELU,604,organic_material,organic_menu,,SC_OMNI_ORGANIC
OMNI_PT_PRPE,605,organic_material,organic_menu,,SC_OMNI_ORGANIC
OMNI_PT_BDIE,606,organic_material,organic_menu,,SC_OMNI_ORGANIC
OMNI_PT_VCHL,607,organic_material,organic_menu,,SC_OMNI_ORGANIC
OMNI_PT_STYR,608,organic_material,organic_menu,,SC_OMNI_ORGANIC
OMNI_PT_TFET,609,organic_material,organic_menu,,SC_OMNI_ORGANIC
OMNI_PT_ADIP,610,organic_material,organic_menu,,SC_OMNI_ORGANIC
OMNI_PT_DIAM,611,organic_material,organic_menu,,SC_OMNI_ORGANIC
OMNI_PT_ERES,612,organic_material,organic_menu,,SC_OMNI_ORGANIC
OMNI_PT_PPLY,613,organic_material,organic_menu,,SC_OMNI_ORGANIC
OMNI_PT_PVCL,614,organic_material,organic_menu,,SC_OMNI_ORGANIC
OMNI_PT_PSTY,615,organic_material,organic_menu,,SC_OMNI_ORGANIC
OMNI_PT_NYLN,616,organic_material,organic_menu,,SC_OMNI_ORGANIC
OMNI_PT_RUBR,617,organic_material,organic_menu,,SC_OMNI_ORGANIC
OMNI_PT_EPXY,618,organic_material,organic_menu,,SC_OMNI_ORGANIC
OMNI_PT_PTFE,619,organic_material,organic_menu,,SC_OMNI_ORGANIC
OMNI_PT_BITM,620,organic_material,organic_menu,,SC_OMNI_ORGANIC
OMNI_PT_EACT,621,organic_material,organic_menu,,SC_OMNI_ORGANIC
OMNI_PT_GAAS,622,alloy_engineering,alloy_menu,,SC_OMNI_ALLOY
OMNI_PT_GANI,623,alloy_engineering,alloy_menu,,SC_OMNI_ALLOY
OMNI_PT_FRIT,624,alloy_engineering,alloy_menu,,SC_OMNI_ALLOY
OMNI_PT_PMAG,625,alloy_engineering,alloy_menu,,SC_OMNI_ALLOY
OMNI_PT_SMAG,626,alloy_engineering,alloy_menu,,SC_OMNI_ALLOY
OMNI_PT_PZCR,627,alloy_engineering,alloy_menu,,SC_OMNI_ALLOY
OMNI_PT_TELC,628,alloy_engineering,alloy_menu,,SC_OMNI_ALLOY
OMNI_PT_SUPC,629,alloy_engineering,alloy_menu,,SC_OMNI_ALLOY
OMNI_PT_GRPH,630,alloy_engineering,alloy_menu,,SC_OMNI_ALLOY
OMNI_PT_CNTB,631,alloy_engineering,alloy_menu,,SC_OMNI_ALLOY
OMNI_PT_AERG,632,custom_special,preserve_existing,,SC_SPECIAL
OMNI_PT_CFRP,633,alloy_engineering,alloy_menu,,SC_OMNI_ALLOY
OMNI_PT_LCOB,634,alloy_engineering,alloy_menu,,SC_OMNI_ALLOY
OMNI_PT_GRAN,635,alloy_engineering,alloy_menu,,SC_OMNI_ALLOY
OMNI_PT_SELE,636,alloy_engineering,alloy_menu,,SC_OMNI_ALLOY
OMNI_PT_ITOX,637,alloy_engineering,alloy_menu,,SC_OMNI_ALLOY
OMNI_PT_PCMT,638,alloy_engineering,alloy_menu,,SC_OMNI_ALLOY
OMNI_PT_ECHR,639,alloy_engineering,alloy_menu,,SC_OMNI_ALLOY
OMNI_PT_PHRS,640,alloy_engineering,alloy_menu,,SC_OMNI_ALLOY
OMNI_PT_DIEL,641,alloy_engineering,alloy_menu,,SC_OMNI_ALLOY
RESERVED_PT_642,642,hidden_internal,hidden,,
RESERVED_PT_643,643,hidden_internal,hidden,,
RESERVED_PT_644,644,hidden_internal,hidden,,
RESERVED_PT_645,645,hidden_internal,hidden,,
RESERVED_PT_646,646,hidden_internal,hidden,,
RESERVED_PT_647,647,hidden_internal,hidden,,
RESERVED_PT_648,648,hidden_internal,hidden,,
RESERVED_PT_649,649,hidden_internal,hidden,,
RESERVED_PT_650,650,hidden_internal,hidden,,
RESERVED_PT_651,651,hidden_internal,hidden,,
RESERVED_PT_652,652,hidden_internal,hidden,,
RESERVED_PT_653,653,hidden_internal,hidden,,
RESERVED_PT_654,654,hidden_internal,hidden,,
RESERVED_PT_655,655,hidden_internal,hidden,,
RESERVED_PT_656,656,hidden_internal,hidden,,
RESERVED_PT_657,657,hidden_internal,hidden,,
RESERVED_PT_658,658,hidden_internal,hidden,,
RESERVED_PT_659,659,hidden_internal,hidden,,
RESERVED_PT_660,660,hidden_internal,hidden,,
RESERVED_PT_661,661,hidden_internal,hidden,,
RESERVED_PT_662,662,hidden_internal,hidden,,
RESERVED_PT_663,663,hidden_internal,hidden,,
RESERVED_PT_664,664,hidden_internal,hidden,,
RESERVED_PT_665,665,hidden_internal,hidden,,
RESERVED_PT_666,666,hidden_internal,hidden,,
RESERVED_PT_667,667,hidden_internal,hidden,,
RESERVED_PT_668,668,hidden_internal,hidden,,
RESERVED_PT_669,669,hidden_internal,hidden,,
OMNI_PT_SOIL,670,ecology_material,preserve_existing,,SC_POWDERS
OMNI_PT_WWTR,671,ecology_material,preserve_existing,,SC_LIQUID
OMNI_PT_PEST,672,ecology_material,preserve_existing,,SC_LIQUID
OMNI_PT_HMET,673,ecology_material,preserve_existing,,SC_POWDERS
OMNI_PT_RCON,674,ecology_material,preserve_existing,,SC_NUCLEAR
OMNI_PT_MPLS,675,ecology_material,preserve_existing,,SC_POWDERS
OMNI_PT_OWST,676,ecology_material,preserve_existing,,SC_POWDERS
OMNI_PT_BLOM,677,ecology_material,preserve_existing,,SC_LIQUID
OMNI_PT_MOLD,678,ecology_material,preserve_existing,,SC_POWDERS
OMNI_PT_BLOD,679,ecology_material,preserve_existing,,SC_LIQUID
OMNI_PT_TOXN,680,ecology_material,preserve_existing,,SC_LIQUID
OMNI_PT_AMAT,681,ecology_material,preserve_existing,,SC_SOLIDS
OMNI_PT_SLUD,682,ecology_material,preserve_existing,,SC_LIQUID
OMNI_PT_SMOG,683,ecology_material,preserve_existing,,SC_GAS
OMNI_PT_ARAN,684,ecology_material,preserve_existing,,SC_LIQUID
OMNI_PT_DETG,685,ecology_material,preserve_existing,,SC_LIQUID
