identifier,recipe_en,recipe_zh,production_en,production_zh,use_en,use_zh,hazard_en,hazard_zh
OMNI_PT_ALUM,Warm ALUM + ACID or CAUS -> SALT + H2; hot ALUM + O2 -> SALT + finite FIRE; 4 molten ALUM + 1 molten MAGN -> 5 molten ALMG.,温热铝 + 酸液或苛性物质 -> 盐 + 氢气；高温铝 + 氧气 -> 盐 + 有限火焰；4 份熔融铝 + 1 份熔融镁 -> 5 份熔融铝镁合金。,Place directly cool molten ALUM or alloy it with magnesium above 950 K.,直接放置、冷却熔融铝，或在 950 K 以上与镁形成合金。,Light conductor ALMG feedstock and amphoteric chemistry experiments.,轻质导体、铝镁合金原料和两性化学实验。,Warm acid caustic material hot oxygen and molten metal release hydrogen heat or fire.,温热酸液、苛性物质、高温氧气和熔融金属会释放氢气、热量或火焰。
OMNI_PT_COPR,3 molten COPR + 1 molten TIN -> BRNZ; 3 molten COPR + 1 molten ZINC -> BRAS.,3 份熔融铜 + 1 份熔融锡 -> 青铜；3 份熔融铜 + 1 份熔融锌 -> 黄铜。,Place COPR or melt it for bronze and brass feedstock.,放置铜或将其熔化以制备青铜和黄铜。,Electrical conductor and alloy feedstock.,导电体和合金原料。,Wet oxygen can slowly corrode it into scrap.,潮湿含氧环境会使其逐渐腐蚀为碎料。
OMNI_PT_LEAD,Warm LEAD + ACID -> SALT + H2; hot LEAD + O2 -> SALT + finite FIRE; incident NEUT is absorbed; molten LEAD supports RSHD assembly.,温热铅 + 酸液 -> 盐 + 氢气；高温铅 + 氧气 -> 盐 + 有限火焰；入射中子会被吸收；熔融铅可参与辐射屏蔽体组装。,Place directly recover typed scrap melt it for RSHD assembly or expose it to local acid oxygen and neutron paths.,直接放置、回收带类型碎料、熔化后组装辐射屏蔽体，或用于局部酸液、氧气和中子路径实验。,Dense toxic shielding feedstock verified neutron absorber and low-melting carbon-group metal.,高密度有毒屏蔽原料、经验证的中子吸收体和低熔点碳族金属。,Acid and oxygen release bounded heat hydrogen or fire while neutron flux and toxic contact require containment.,酸液和氧气会释放有界热量、氢气或火焰；中子通量和有毒接触需要围护。
OMNI_PT_TIN,3 molten COPR + 1 molten TIN -> 4 molten BRNZ; TIN below 286 K for 120 ticks -> typed MSCR(TIN).,3 份熔融铜 + 1 份熔融锡 -> 4 份熔融青铜；锡在 286 K 以下持续 120 刻 -> 带类型碎料。,Place directly reheat typed scrap cool LAVA(TIN) or melt it with copper above 1375 K.,直接放置、重熔带类型碎料、冷却熔融锡，或在 1375 K 以上与铜熔炼。,Bronze feedstock low-melting metal and reversible game-scale tin-pest experiments.,青铜原料、低熔点金属和可逆的游戏化锡瘟实验。,Prolonged cooling causes embrittlement while acid oxygen pressure and molten heat create reactive residue or scrap.,持续低温会造成脆化；酸液、氧气、压力和熔融高温会产生反应残留物或碎料。
OMNI_PT_NICL,4 molten NICL + 1 molten CHRM -> NCRM; 4 molten STEL + CHRM + NICL -> SSIL.,4 份熔融镍 + 1 份熔融铬 -> 镍铬合金；4 份熔融钢 + 铬 + 镍 -> 不锈钢。,Melt NICL with chromium or steel inputs at the documented temperature.,按说明温度将镍与铬或钢类原料熔炼。,Corrosion resistant alloy feedstock.,耐腐蚀合金原料。,High temperature alloying can melt nearby materials.,高温合金化会熔化邻近材料。
OMNI_PT_MAGN,"Hot MAGN + water -> CAUS + H2; MAGN + ACID -> SALT + H2; above 800 K near O2 -> typed MSCR + white FIRE; 4 molten ALUM + 1 molten MAGN -> 5 molten ALMG.","热镁 + 水 -> 苛性气体 + 氢气；镁 + 酸液 -> 盐 + 氢气；800 K 以上邻近氧气时 -> 带类型碎料 + 白色火焰；4 份熔融铝 + 1 份熔融镁 -> 5 份熔融铝镁合金。",Place directly recover typed scrap or melt MAGN with aluminium above 950 K.,直接放置、回收带类型碎料，或将镁与铝一起加热至 950 K 以上熔炼。,Light alloy feedstock plus hot-water acid and bright-combustion experiments.,轻质合金原料，以及热水、酸和强光燃烧实验。,Hot water or acid releases hydrogen; above 800 K near O2 it can burn and leave hot scrap.,热水或酸会释放氢气；高于 800 K 且邻近氧气时会燃烧并留下高温碎料。
OMNI_PT_CHRM,4 molten NICL + 1 molten CHRM -> NCRM; 4 molten STEL + CHRM + NICL -> SSIL.,4 份熔融镍 + 1 份熔融铬 -> 镍铬合金；4 份熔融钢 + 铬 + 镍 -> 不锈钢。,Melt CHRM with its documented alloy inputs.,将铬与对应的合金原料熔炼。,Heat and corrosion resistant alloy feedstock.,耐热耐腐蚀合金原料。,High temperature alloying can melt nearby materials.,高温合金化会熔化邻近材料。
OMNI_PT_COBT,4 molten STEL + 1 molten COBT + 1 molten MOLY -> 6 molten TSTL.,4 份熔融钢 + 1 份熔融钴 + 1 份熔融钼 -> 6 份熔融工具钢。,Melt COBT with steel and molybdenum above 2950 K.,将钴与钢和钼加热至 2950 K 以上熔炼。,Tool steel feedstock.,工具钢原料。,The required temperature is high enough to melt most nearby materials.,所需温度足以熔化多数邻近材料。
OMNI_PT_MOLY,4 molten STEL + 1 molten COBT + 1 molten MOLY -> 6 molten TSTL.,4 份熔融钢 + 1 份熔融钴 + 1 份熔融钼 -> 6 份熔融工具钢。,Melt MOLY with steel and cobalt above 2950 K.,将钼与钢和钴加热至 2950 K 以上熔炼。,High temperature tool steel feedstock.,高温工具钢原料。,The required temperature is high enough to melt most nearby materials.,所需温度足以熔化多数邻近材料。
OMNI_PT_ZINC,3 molten COPR + 1 molten ZINC -> 4 molten BRAS.,3 份熔融铜 + 1 份熔融锌 -> 4 份熔融黄铜。,Melt ZINC with copper above 1375 K.,将锌与铜加热至 1375 K 以上熔炼。,Brass feedstock and sacrificial protection for nearby iron.,黄铜原料并可牺牲性保护邻近铁。,Water can corrode it into scrap while it protects iron.,水会使其腐蚀为碎料同时保护铁。
OMNI_PT_CHRC,No fixed recipe; charcoal is a combustible process material.,无固定配方；木炭是可燃工艺材料。,Heat WOOD at 650 to 873 K beside CRUC without O2 for 60 updates.,在无氧且邻近坩埚时将木材保持在 650 至 873 K 达 60 次更新。,Fuel and local process material.,燃料和局部工艺材料。,It is flammable and can ignite from fire.,其可燃并能被火焰点燃。
OMNI_PT_COKE,4 molten IRON + COKE + FLUX -> 4 molten STEL + CO2 + SLAG.,4 份熔融铁 + 焦炭 + 助熔剂 -> 4 份熔融钢 + 二氧化碳 + 炉渣。,Heat COAL above 950 K beside CRUC without O2 for 90 updates.,在无氧且邻近坩埚时将煤保持在 950 K 以上达 90 次更新。,Steelmaking carbon source.,炼钢碳源。,It is flammable and steelmaking produces hot products.,其可燃且炼钢会产生高温产物。
OMNI_PT_STEL,4 molten IRON + COKE + FLUX -> 4 molten STEL + CO2 + SLAG.,4 份熔融铁 + 焦炭 + 助熔剂 -> 4 份熔融钢 + 二氧化碳 + 炉渣。,Run the local steel recipe at 1750 K or above.,在 1750 K 以上运行局部炼钢配方。,Base material for stainless and tool steel.,不锈钢和工具钢的基础材料。,High pressure can convert it into scrap.,高压会使其转为金属碎料。
OMNI_PT_BRNZ,3 molten COPR + 1 molten TIN -> 4 molten BRNZ.,3 份熔融铜 + 1 份熔融锡 -> 4 份熔融青铜。,Melt copper and tin together above 1375 K.,将铜与锡一起加热至 1375 K 以上。,Durable conductive alloy.,耐用导电合金。,High pressure can convert it into scrap.,高压会使其转为金属碎料。
OMNI_PT_BRAS,3 molten COPR + 1 molten ZINC -> 4 molten BRAS.,3 份熔融铜 + 1 份熔融锌 -> 4 份熔融黄铜。,Melt copper and zinc together above 1375 K.,将铜与锌一起加热至 1375 K 以上。,Conductive copper alloy.,导电铜合金。,High pressure can convert it into scrap.,高压会使其转为金属碎料。
OMNI_PT_SSIL,4 molten STEL + 1 molten CHRM + 1 molten NICL -> 6 molten SSIL; SSIL + molten LEAD + SPRK(NCRM) -> 2 RSHD.,4 份熔融钢 + 1 份熔融铬 + 1 份熔融镍 -> 6 份熔融不锈钢；不锈钢 + 熔融铅 + 通电镍铬 -> 2 份屏蔽体。,"Melt steel chromium and nickel above 2200 K, then assemble SSIL beside molten LEAD and an active NCRM spark at 700 to 1200 K.",将钢铬和镍加热至 2200 K 以上熔炼，再在 700 至 1200 K 下将不锈钢放在熔融铅和通电镍铬旁组装。,High-pressure alloy and nuclear-shield assembly feedstock.,耐高压合金和核屏蔽组装原料。,Pressure or missing active spark can leave the assembly inputs unchanged or turn them into scrap.,高压或缺少有效火花会使组装输入保持不变或转为金属碎料。
OMNI_PT_NCRM,4 molten NICL + 1 molten CHRM -> 5 molten NCRM; an active NCRM spark drives SSIL and LEAD shield assembly.,4 份熔融镍 + 1 份熔融铬 -> 5 份熔融镍铬合金；通电镍铬火花驱动不锈钢和铅组装屏蔽体。,Melt nickel and chromium above 2200 K or pulse NCRM beside SSIL and molten LEAD at 700 to 1200 K.,将镍与铬加热至 2200 K 以上熔炼，或在 700 至 1200 K 下让镍铬火花位于不锈钢和熔融铅旁。,Bounded resistive heater and reusable nuclear-assembly condition.,有界电阻加热器和可复用核屏蔽组装条件。,Repeated sparks heat it toward melting; remove the spark to stop assembly.,反复火花会使其接近熔化；移除火花即可停止组装。
OMNI_PT_ALMG,4 molten ALUM + 1 molten MAGN -> 5 molten ALMG.,4 份熔融铝 + 1 份熔融镁 -> 5 份熔融铝镁合金。,Melt aluminium and magnesium above 950 K.,将铝与镁加热至 950 K 以上熔炼。,Light pressure resistant alloy.,轻质耐压合金。,High pressure can convert it into scrap.,高压会使其转为金属碎料。
OMNI_PT_TSTL,4 molten STEL + 1 molten COBT + 1 molten MOLY -> 6 molten TSTL.,4 份熔融钢 + 1 份熔融钴 + 1 份熔融钼 -> 6 份熔融工具钢。,Melt steel cobalt and molybdenum above 2950 K.,将钢钴和钼加热至 2950 K 以上熔炼。,Highest pressure resistance among current metallurgy materials.,当前冶金材料中耐压最高。,Extreme alloying temperature can melt nearby materials.,极端合金温度会熔化邻近材料。
OMNI_PT_SLAG,Steelmaking creates SLAG; mild acid treatment or cooled waste stabilization recovers it as FLUX.,炼钢生成炉渣；温和酸处理或冷却废物稳定化可将其回收为助熔剂。,Cool SLAG beside CATA and ACID at 285 to 340 K or use it in the wet 500 to 620 K four-module route.,将炉渣冷却后在 285 至 340 K 下放在催化剂和酸液旁，或用于湿润的 500 至 620 K 四模块路线。,Recoverable steelmaking by-product and flux feedstock for two bounded routes.,可通过两条有界路线回收的炼钢副产物和助熔剂原料。,Hot slag missing catalyst or incomplete waste inputs leave hazardous material unchanged.,高温炉渣、缺少催化剂或废物输入不完整时危险物料保持不变。
OMNI_PT_FLUX,Steelmaking consumes FLUX into SLAG; mild treatment and cooled waste stabilization recover FLUX.,炼钢将助熔剂转为炉渣；温和酸处理和冷却废物稳定化可回收助熔剂。,Place FLUX beside steelmaking or recover it through either registered SLAG route.,将助熔剂放在炼钢配方旁，或通过任一登记的炉渣路线回收。,Required steelmaking input and recovered output of cross-module loops.,炼钢必需输入，也是跨模块回收链的产物。,Steelmaking is hot while recovery requires complete bounded inputs and containment.,炼钢温度很高，回收则要求完整的有界输入和围护。
OMNI_PT_CRUC,No fixed recipe; CRUC is a local furnace condition.,无固定配方；坩埚提供局部炉体条件。,Place CRUC beside wood or coal before heating without oxygen.,在无氧加热前将坩埚放在木材或煤旁。,Enables bounded charcoal and coke production.,启用有界木炭与焦炭生产。,Nearby high temperature processing can melt other materials.,附近的高温工艺会熔化其他材料。
OMNI_PT_MSCR,No fixed recipe; stores a recoverable metal type in ctype.,无固定配方；在 ctype 中保存可回收金属类型。,Apply pressure to eligible metals or heat scrap above the stored metal melting point.,对可用金属施压或将碎料加热至保存金属的熔点以上。,Recycles damaged metals back into molten feedstock.,将受损金属回收为熔融原料。,Invalid stored types fall back to iron when reheated.,保存类型无效时再加热会回退为铁。
OMNI_PT_NUTR,ALGA uses NUTR for growth; composting or cooled four-module stabilization can recover NUTR from HUMS.,藻类消耗营养盐生长；堆肥或冷却的四模块稳定化可从腐殖质回收营养盐。,Place NUTR for growth or recover it through the registered wet HUMS routes.,放置营养盐支持生长，或通过登记的湿润腐殖质路线回收。,Local growth input and recovered output of biology chemistry and waste loops.,局部生长输入，也是生态—化学与废物链的回收产物。,Missing water catalyst companion waste or the required temperature window stops recovery.,缺少水、催化剂、配套废物或所需温区会停止回收。
OMNI_PT_ALGA,ALGA + NUTR + WATR + CO2 -> O2 and one converted nutrient particle.,藻类 + 营养盐 + 水 + 二氧化碳 -> 氧气并转换一粒营养盐。,Place ALGA with nutrient water and CO2 at 285 to 315 K.,在 285 至 315 K 下将藻类与营养盐水和二氧化碳放在一起。,Local oxygen production and biology loop input.,局部产氧和生物循环输入。,PATH can convert nearby algae into pathogen or humus.,病原体会将邻近藻类转为病原体或腐殖质。
OMNI_PT_MYCL,MYCL + WOOD + WATR -> HUMS + NUTR.,菌丝 + 木材 + 水 -> 腐殖质 + 营养盐。,Place MYCL beside wet wood at 285 to 315 K.,在 285 至 315 K 下将菌丝放在湿木材旁。,Decomposer that closes the local nutrient loop.,闭合局部营养循环的分解者。,PATH can convert nearby mycelium into pathogen or humus.,病原体会将邻近菌丝转为病原体或腐殖质。
OMNI_PT_SPOR,SPOR + NUTR + WATR -> MYCL plus MYCL or HUMS from nutrient.,孢子 + 营养盐 + 水 -> 菌丝并由营养盐生成菌丝或腐殖质。,Place SPOR with nutrient and water at 285 to 315 K.,在 285 至 315 K 下将孢子与营养盐和水放在一起。,Starts the local decomposer path.,启动局部分解者路径。,Simplified biology sends the growth input to HUMS.,简化生物模拟会将生长输入转为腐殖质。
OMNI_PT_PATH,PATH infects ALGA or MYCL; PERO + PATH -> WATR + HUMS at 285 to 330 K.,病原体会感染藻类或菌丝；285 至 330 K 下过氧化氢 + 病原体 -> 水 + 腐殖质。,Place PATH beside a host for a controlled challenge then treat it with STER wet BIOF or PERO.,将病原体放在宿主旁构造受控事故，再用消毒剂、湿润生物膜或过氧化氢处理。,Local challenge element and treatment target linking biology to chemistry.,连接生态与化学处理链的局部挑战元素。,It propagates in its growth window; treatment fails outside the PERO window or beside hot catalyst.,会在生长温区传播；过氧化氢温区错误或邻近高温催化剂时处理失败。
OMNI_PT_STER,STER + PATH -> 2 HUMS.,消毒剂 + 病原体 -> 2 份腐殖质。,Place STER beside PATH.,将消毒剂放在病原体旁。,Local pathogen treatment material.,局部病原体处理材料。,It consumes itself during treatment.,处理时会消耗自身。
OMNI_PT_HUMS,Decomposition produces HUMS; wet composting or cooled four-module stabilization recovers it as NUTR.,分解产生腐殖质；湿润堆肥或冷却的四模块稳定化可将其回收为营养盐。,Use FERT and WATR at 285 to 315 K or combine all registered waste inputs with CATA at 500 to 620 K.,在 285 至 315 K 下使用肥料和水，或在 500 至 620 K 下将全部登记废物输入与催化剂组合。,Recoverable biology by-product and nutrient-loop input.,可回收的生物副产物和营养循环输入。,Incomplete dry or out-of-window mixtures stay unchanged and may accumulate.,输入不完整、干燥或离开温区的混合物保持不变并可能积累。
OMNI_PT_BIOF,BIOF + PATH + WATR -> BIOF + HUMS + WATR.,生物膜 + 病原体 + 水 -> 生物膜 + 腐殖质 + 水。,Place BIOF beside wet PATH.,将生物膜放在湿润病原体旁。,Reusable local pathogen filter.,可复用的局部病原体过滤器。,It only filters when local water is present.,仅在局部存在水时过滤。
OMNI_PT_NFUL,NFUL + MODR + NEUT without CROD -> hot NWST.,无控制棒时燃料 + 慢化剂 + 中子 -> 高温核废料。,Spark NGEN beside fuel and moderator while keeping CROD away.,在燃料和慢化剂旁触发中子发生器且远离控制棒。,Fuel for a bounded local reactor path.,有界局部反应器路径的燃料。,Conversion produces 1700 K radioactive waste.,转换会产生 1700 K 的放射性废料。
OMNI_PT_MODR,NFUL + MODR + NEUT without CROD -> hot NWST.,无控制棒时燃料 + 慢化剂 + 中子 -> 高温核废料。,Place MODR adjacent to NFUL before adding a neutron.,在加入中子前将慢化剂放在燃料旁。,Required reusable condition for fuel conversion.,燃料转换所需的可复用条件。,It does not stop official neutron behavior.,它不会阻止官方中子行为。
OMNI_PT_CROD,NFUL + MODR + NEUT + CROD -> fuel conversion is suppressed.,燃料 + 慢化剂 + 中子 + 控制棒 -> 燃料转换被抑制。,Place CROD adjacent to the fuel reaction area.,将控制棒放在燃料反应区域旁。,Local control for the custom fuel route.,自定义燃料路线的局部控制材料。,It only suppresses the custom fuel conversion.,它只抑制自定义燃料转换。
OMNI_PT_NCLT,NCLT + NWST at 1000 K or higher -> WTRV and 900 K NWST.,冷却剂 + 至少 1000 K 的核废料 -> 蒸汽和 900 K 核废料。,Place NCLT beside hot NWST while it is below its own steam transition.,在冷却剂自身蒸汽相变前将其放在高温废料旁。,Converts waste heat into official steam.,将废料热量转为官方蒸汽。,It becomes steam and leaves a hot waste particle.,它会变成蒸汽并留下高温废料。
OMNI_PT_NWST,NFUL + MODR + NEUT without CROD -> hot NWST; cooled wet stabilization turns NWST and POLY into 2 RSHD.,无控制棒时燃料 + 慢化剂 + 中子 -> 高温核废料；冷却后的湿润稳定化把核废料和聚合物转为 2 份屏蔽体。,Cool NWST then combine it with SLAG HUMS POLY WATR and reusable CATA at 500 to 620 K.,冷却核废料后在 500 至 620 K 下与炉渣、腐殖质、聚合物、水和可复用催化剂组合。,Recoverable reactor by-product and primary trigger of the four-module waste route.,可回收的反应器副产物，也是四模块废物路线的主触发物。,Hot or incomplete mixtures remain radioactive and may ignite HUMS or POLY above their limits.,过热或输入不完整的混合物仍具放射性，并可能在超过限值时点燃腐殖质或聚合物。
OMNI_PT_NGEN,SPRK(NGEN) + local NFUL -> one stationary NEUT per spark pulse.,火花中子发生器 + 局部燃料 -> 每次火花脉冲一粒静止中子。,Spark NGEN beside NFUL with an empty local output slot.,在燃料旁且有空闲局部输出槽时触发中子发生器。,Controlled local neutron source for reactor experiments.,用于反应器实验的受控局部中子源。,It can trigger hot fuel conversion when moderation is present.,存在慢化剂时可触发高温燃料转换。
OMNI_PT_RSHD,Metallurgy assembly or cooled four-module stabilization produces 2 RSHD; each RSHD absorbs one local NEUT.,冶金组装或冷却的四模块稳定化生成 2 份屏蔽体；每份屏蔽体可吸收一粒局部中子。,Produce shields through either registered route then place RSHD beside incoming local neutrons.,通过任一登记路线制得屏蔽体，再将其放在进入的局部中子旁。,Reusable nuclear shield and stabilized waste output.,可复用核屏蔽体和稳定化废物产物。,Repeated absorption heats it up to 1600 K; limit neutron exposure and cool it.,反复吸收会使其升温至最高 1600 K；应限制中子暴露并冷却。
OMNI_PT_CHLR,CHLR + H2 at 450 K or higher -> 2 ACID.,氯气 + 氢气在 450 K 以上 -> 2 份酸液。,Heat CHLR beside H2 above 450 K.,将氯气与氢气放在一起加热至 450 K 以上。,Acid production input for chemistry paths.,化学路径的酸液生产输入。,Toxic gas becomes corrosive acid.,有毒气体会变为腐蚀性酸液。
OMNI_PT_AMON,LNTG + 3 H2 beside SPRK(CATA) at 2 P and 500 to 1000 K -> 4 AMON.,在 2 P 且 500 至 1000 K 下通电催化剂旁的液氮 + 3 氢气 -> 4 份氨气。,Use a sparked catalyst with nitrogen hydrogen pressure and the documented temperature window.,在通电催化剂旁使用氮气氢气压力和说明温区。,Ammonia feedstock for fertilizer.,肥料的氨气原料。,Toxic gas reacts with acid into fertilizer.,有毒气体会与酸液反应为肥料。
OMNI_PT_ETHL,YEST + PLNT + WATR at 295 to 310 K -> ETHL + CO2.,在 295 至 310 K 下酵母 + 植物 + 水 -> 乙醇 + 二氧化碳。,Place yeast beside plant and water in the warm fermentation window.,在温暖发酵温区将酵母放在植物和水旁。,Flammable fermentation product.,可燃发酵产物。,It is flammable and can ignite from fire.,其可燃并能被火焰点燃。
OMNI_PT_KERO,OIL beside CATA at 500 K or higher -> KERO; hot CATA can crack KERO further.,原油在至少 500 K 的催化剂旁 -> 煤油；高温催化剂可继续裂化煤油。,Heat CATA beside OIL above 500 K.,将催化剂与原油放在一起加热至 500 K 以上。,Intermediate fuel for gasoline or acetylene routes.,汽油或乙炔路线的中间燃料。,It is flammable and further heating changes the product.,其可燃且继续加热会改变产物。
OMNI_PT_GASO,KERO beside CATA at 650 K or higher -> GASO.,煤油在至少 650 K 的催化剂旁 -> 汽油。,Heat catalyst beside kerosene above 650 K.,将催化剂与煤油放在一起加热至 650 K 以上。,High energy fuel output.,高能燃料输出。,It is flammable and can ignite from fire.,其可燃并能被火焰点燃。
OMNI_PT_ACTY,KERO beside CATA at 1100 K or higher -> ACTY; 2 ACTY beside CATA at 450 to 800 K -> 2 POLY.,煤油在至少 1100 K 的催化剂旁 -> 乙炔；中温催化剂旁 2 份乙炔 -> 2 份聚合物。,Use a hot catalyst for cracking or a cooler catalyst for polymerisation.,使用高温催化剂裂化或较冷催化剂聚合。,Reactive gas feedstock for polymer.,聚合物的反应性气体原料。,Reactive flammable gas can ignite from fire.,反应性可燃气体可被火焰点燃。
OMNI_PT_CATA,Processes fuels peroxide electrochemistry SLAG treatment and cooled four-module waste stabilization.,处理燃料、过氧化物、电化学、炉渣酸处理和冷却的四模块废物稳定化。,Place CATA beside complete registered inputs and use the required heat spark or recovery window.,将催化剂放在完整的登记输入旁，并使用所需温区、火花或回收窗口。,Reusable catalyst for chemistry metallurgy biology and nuclear recovery routes.,化学、冶金、生态和核回收路线的可复用催化剂。,High heat corrosive acid or incomplete radioactive waste inputs require containment.,高热、腐蚀性酸液或不完整的放射性废物输入需要围护。
OMNI_PT_POLY,2 ACTY beside CATA at 450 to 800 K -> 2 POLY; cooled wet waste stabilization converts POLY and NWST into 2 RSHD.,中温催化剂旁 2 份乙炔 -> 2 份聚合物；冷却的湿润废物稳定化把聚合物和核废料转为 2 份屏蔽体。,Produce POLY by catalytic polymerisation or consume it with the complete 500 to 620 K waste fixture.,通过催化聚合制得聚合物，或在完整的 500 至 620 K 废物装置中消耗它。,Insulating structure and recoverable encapsulation input for four-module waste.,绝缘结构，也是可回收的四模块废物封装输入。,Heat above 900 K can ignite POLY; missing water or catalyst leaves waste unchanged.,温度高于 900 K 会点燃聚合物；缺少水或催化剂时废物保持不变。
OMNI_PT_PERO,2 WATR + O2 beside SPRK(CATA) -> 2 PERO; PERO + PATH -> WATR + HUMS at 285 to 330 K.,通电催化剂旁 2 份水 + 氧气 -> 2 份过氧化氢；285 至 330 K 下过氧化氢 + 病原体 -> 水 + 腐殖质。,Make PERO by sparked catalysis then use it for bounded pathogen treatment or decompose it beside hot CATA.,用通电催化制备过氧化氢，再用于有界病原处理，或在高温催化剂旁分解。,Oxidizing intermediate oxygen source and chemistry-to-biology treatment reagent.,氧化性中间体、氧气来源和化学—生态处理剂。,Hot CATA preempts pathogen treatment and decomposition can release oxygen into a local empty slot.,高温催化剂会阻止病原处理，分解还会向局部空槽释放氧气。
OMNI_PT_FERT,AMON + ACID -> 2 FERT; wet HUMS + FERT -> NUTR + DUST at 285 to 315 K.,氨气 + 酸液 -> 2 份肥料；285 至 315 K 下湿润腐殖质 + 肥料 -> 营养盐 + 尘埃。,Neutralize ammonia with acid then use FERT beside wet plants or in the HUMS recovery loop.,用酸液中和氨气，再将肥料用于湿润植物或腐殖质回收链。,Supports official plants and closes the Omni biology nutrient loop.,支持官方植物并闭合 Omni 生态营养循环。,It is consumed into DUST during plant support or HUMS recovery.,支持植物或回收腐殖质时会被消耗并转成尘埃。
OMNI_PT_HE,Direct placement; nearby electricity can excite HE; below 20 K it exchanges a bounded amount of heat with one local neighbour.,直接放置；附近电流可激发氦；低于 20 K 时与一个局部邻居进行有界换热。,Use as a very light inert gas or cool it below 20 K for cryogenic heat-transfer experiments.,用作极轻惰性气体，或冷却到 20 K 以下进行低温换热实验。,Low-density inert atmosphere and cryogenic coolant proxy.,低密度惰性气氛和低温冷却介质代理。,No combustion reaction; low temperatures can rapidly cool heat-sensitive particles.,不发生燃烧反应；低温可能快速冷却热敏粒子。
OMNI_PT_NE,Direct placement; local SPRK ELEC PLSM or LIGH can trigger a bounded red-orange photon discharge.,直接放置；局部火花、电子、等离子体或闪电可触发有界红橙色光子放电。,Place beside an electrical source to make a finite-life discharge glow.,放在电源附近产生有限寿命的放电辉光。,Discharge lighting and inert-atmosphere experiments.,放电照明和惰性气氛实验。,Photon creation is capped by the shared periodic event budget.,光子创建受周期表共享事件预算限制。
OMNI_PT_AR,Direct placement; local electrical excitation produces a bounded violet photon discharge.,直接放置；局部电激发会产生有界紫色光子放电。,Use as an inert shielding gas with moderate density.,用作中等密度的惰性保护气体。,Shielding atmosphere and comparative gas-density experiments.,保护气氛和气体密度对比实验。,Dense pockets can displace lighter gases but do not burn.,高密度气团会排开较轻气体但不会燃烧。
OMNI_PT_KR,Direct placement; local electrical excitation produces a bounded pale photon discharge.,直接放置；局部电激发会产生有界淡色光子放电。,Use for slow-diffusing heavy inert-gas demonstrations.,用于扩散较慢的重质惰性气体演示。,Heavy inert atmosphere and discharge comparisons.,重质惰性气氛和放电对比实验。,All discharge emissions have finite lifetime and share the periodic budget.,所有放电发射均有有限寿命并共享周期表预算。
OMNI_PT_XE,Direct placement; local electrical excitation produces a strong bounded blue photon discharge and local heat.,直接放置；局部电激发会产生强烈但有界的蓝色光子放电和局部热量。,Use beside electricity for high-energy discharge-lamp simulations.,放在电源附近模拟高能放电灯。,Dense inert atmosphere and high-energy electrical discharge.,高密度惰性气氛和高能电气放电。,Discharge heat can affect nearby heat-sensitive particles although events are capped.,放电热量可能影响附近热敏粒子但事件数量受限。
OMNI_PT_RN,Direct placement; after a randomized game-scaled lifetime RN -> POLO + PHOT with bounded heat.,直接放置；经过随机游戏化寿命后氡 -> 钋 + 光子并产生有界热量。,Contain the dense gas and observe its finite decay events.,封闭高密度气体并观察其有限衰变事件。,Radioactive gas containment and shielding experiments.,放射性气体封存和屏蔽实验。,Radioactive and deadly; each decay creates at most one finite-life photon.,具有放射性和致命性；每次衰变至多创建一个有限寿命光子。
OMNI_PT_OG,Direct placement; after a short randomized lifetime OG -> RN + PHOT as a compressed game-scale decay-chain proxy.,直接放置；经过短暂随机寿命后鿫 -> 氡 + 光子，作为压缩的游戏化衰变链代理。,Generate short-lived superheavy samples and observe bounded decay.,生成短寿命超重样品并观察有界衰变。,Superheavy-element and decay-chain experiments.,超重元素和衰变链实验。,Extremely radioactive; bulk decay remains capped by the shared 1024-event budget.,放射性极强；大批量衰变仍受共享 1024 事件预算限制。
OMNI_PT_NA,NA + water -> CAUS + H2; NA + ACID -> SALT + H2; hot NA + O2 -> SALT + FIRE.,钠 + 水 -> 苛性气体 + 氢气；钠 + 酸液 -> 盐 + 氢气；高温钠 + 氧气 -> 盐 + 火焰。,Place directly or cool LAVA(NA) below 370.87 K.,直接放置，或把熔融钠冷却到 370.87 K 以下。,Hydrogen generation acid salt formation and low-melting metal experiments.,制氢、酸制盐和低熔点金属实验。,Wet or oxidizing contact releases bounded heat pressure and sometimes finite fire.,接触水或氧化性物质会释放有界热量、压力并可能产生有限火焰。
OMNI_PT_K,K + water -> CAUS + H2 with more heat and pressure than NA; acid and hot oxygen form generic SALT.,钾 + 水 -> 苛性气体 + 氢气，热量和压力高于钠；酸和高温氧气会形成通用盐。,Place directly or cool LAVA(K) below 336.53 K.,直接放置，或把熔融钾冷却到 336.53 K 以下。,Comparative alkali reactivity molten-metal and salt-formation experiments.,碱金属活性对比、熔融金属和制盐实验。,Reacts more strongly than sodium but every event remains locally budgeted.,反应强于钠，但每个事件仍受局部预算限制。
OMNI_PT_CS,CS + water -> CAUS + H2 + strong bounded heat pressure and finite fire; acid or hot oxygen forms generic SALT.,铯 + 水 -> 苛性气体 + 氢气 + 强烈但有界的热量、压力和有限火焰；酸或高温氧气形成通用盐。,Place directly or cool LAVA(CS) below 301.59 K.,直接放置，或把熔融铯冷却到 301.59 K 以下。,Very low-melting heavy alkali and violent-water-reaction experiments.,极低熔点重质碱金属和剧烈遇水反应实验。,Bulk wet contact is energetic but capped by the shared 1024-event budget.,大批量遇水反应能量很高，但受共享 1024 事件预算限制。
OMNI_PT_FR,FR + water or acid uses the strongest bounded alkali reaction; FR(tmp=0) -> POLO + one PHOT after 180 to 360 game ticks.,钫与水或酸发生族内最强的有界反应；经过 180 至 360 个游戏刻后钫 -> 钋 + 一个光子。,Direct placement initializes the randomized game lifetime; no unlock or synthesis gate is used.,直接放置会初始化随机游戏寿命，不设置解锁或合成门槛。,Short-lived radioactive alkali decay containment and shielding experiments.,短寿命放射性碱金属、衰变封存和屏蔽实验。,Extremely radioactive and reactive; each decay emits at most one finite-life photon.,放射性和活性极强；每次衰变至多发射一个有限寿命光子。
OMNI_PT_BE,Warm BE + ACID -> SALT + H2; BE reacts with water or O2 only at 900 K or above.,温热铍 + 酸液 -> 盐 + 氢气；铍只在 900 K 或更高温度下与水或氧气反应。,Place directly or cool LAVA(BE) below 1560 K.,直接放置，或把熔融铍冷却到 1560 K 以下。,Passivation toxicity warm-acid and high-temperature light-metal experiments.,钝化、毒性、温热酸和高温轻金属实验。,Toxic contact and high-temperature hydrogen or finite-fire release require sealed handling.,有毒接触及高温产生氢气或有限火焰，需要密闭处理。
OMNI_PT_CA,CA + water -> CAUS + H2; CA + ACID -> SALT + H2; hot CA + O2 -> SALT + orange-red FIRE.,钙 + 水 -> 苛性气体 + 氢气；钙 + 酸液 -> 盐 + 氢气；高温钙 + 氧气 -> 盐 + 橙红色火焰。,Place directly or cool LAVA(CA) below 1115 K.,直接放置，或把熔融钙冷却到 1115 K 以下。,Water hydrogen acid salt flame-colour and future lime-system experiments.,遇水制氢、酸制盐、焰色及后续石灰体系实验。,Wet or oxidizing contact releases bounded heat pressure hydrogen and finite fire.,接触水或氧化性物质会释放有界热量、压力、氢气和有限火焰。
OMNI_PT_SR,SR + water -> CAUS + H2 with more heat than CA; acid forms SALT; hot oxygen produces red FIRE.,锶 + 水 -> 苛性气体 + 氢气，热量高于钙；酸会形成盐；高温氧气产生红色火焰。,Place directly or cool LAVA(SR) below 1050 K.,直接放置，或把熔融锶冷却到 1050 K 以下。,Stronger water reactivity acid salt and red flame-colour experiments.,更强的遇水反应、酸制盐和红色焰色实验。,Water acid or hot oxygen releases bounded heat pressure hydrogen and red finite fire.,水、酸或高温氧气会释放有界热量、压力、氢气和红色有限火焰。
OMNI_PT_BA,BA + water -> CAUS + H2 with strong bounded heat; acid forms SALT; hot oxygen produces green FIRE.,钡 + 水 -> 苛性气体 + 氢气并释放强烈但有界的热量；酸会形成盐；高温氧气产生绿色火焰。,Place directly or cool LAVA(BA) below 1000 K.,直接放置，或把熔融钡冷却到 1000 K 以下。,Toxic heavy-metal water acid and green flame-colour experiments.,有毒重金属、遇水、酸和绿色焰色实验。,Toxic and strongly reactive; bulk wet contact is capped only by the shared event budget.,有毒且活泼；大批量遇水反应由共享事件预算封顶。
OMNI_PT_RA,RA uses the strongest alkaline-earth water and acid routes; after 900 to 1800 game ticks RA -> RN + one PHOT.,镭使用族内最强的遇水和酸反应；经过 900 至 1800 个游戏刻后镭 -> 氡 + 一个光子。,Direct placement initializes the randomized game lifetime; no unlock or synthesis gate is used.,直接放置会初始化随机游戏寿命，不设置解锁或合成门槛。,Radioactive alkaline-earth reaction radon decay containment and shielding experiments.,放射性碱土金属反应、氡衰变、封存和屏蔽实验。,Extremely radioactive and reactive; each decay emits at most one finite-life photon.,放射性和活性极强；每次衰变至多发射一个有限寿命光子。
OMNI_PT_B,B + NEUT -> LITH + HE with bounded heat; B + hot O2 -> GLAS + finite FIRE.,硼 + 中子 -> 锂 + 氦并释放有界热量；硼 + 高温氧气 -> 玻璃态代理 + 有限火焰。,Place directly or cool LAVA(B) below 2349 K.,直接放置，或把熔融硼冷却到 2349 K 以下。,Neutron absorption high-temperature metalloid and glassy oxide experiments.,中子吸收、高温类金属和玻璃态氧化物实验。,Neutron capture and hot oxidation release bounded heat under the shared event budget.,中子俘获和高温氧化会在共享事件预算内释放有界热量。
OMNI_PT_GA,Liquid GA + ALUM -> typed MSCR(ALUM); GA + ACID or CAUS -> SALT + H2; hot GA + O2 -> SALT + finite FIRE.,液态镓 + 铝 -> 带类型铝碎料；镓 + 酸液或苛性物质 -> 盐 + 氢气；高温镓 + 氧气 -> 盐 + 有限火焰。,Place directly or cool LAVA(GA) below 302.91 K.,直接放置，或把熔融镓冷却到 302.91 K 以下。,Near-room-temperature melting aluminium embrittlement and amphoteric chemistry experiments.,近室温熔化、铝脆化和两性化学实验。,Warm liquid gallium damages aluminium while reactive routes release bounded heat.,温热液态镓会破坏铝，反应路线还会释放有界热量。
OMNI_PT_IN,IN + warm ACID -> SALT + H2; hot IN + O2 -> SALT + finite FIRE.,铟 + 温热酸液 -> 盐 + 氢气；高温铟 + 氧气 -> 盐 + 有限火焰。,Place directly or cool LAVA(IN) below 429.75 K.,直接放置，或把熔融铟冷却到 429.75 K 以下。,Soft low-melting conductor and future solder or electronic-material feedstock.,柔软低熔点导体，也是后续焊料或电子材料原料。,Acid hot oxygen and molten metal release bounded hydrogen heat or fire.,酸液、高温氧气和熔融金属会释放有界氢气、热量或火焰。
OMNI_PT_TL,TL + ACID -> SALT + H2; hot TL + O2 -> SALT + finite green FIRE.,铊 + 酸液 -> 盐 + 氢气；高温铊 + 氧气 -> 盐 + 有限绿色火焰。,Place directly or cool LAVA(TL) below 577 K.,直接放置，或把熔融铊冷却到 577 K 以下。,Dense toxic low-melting conductor corrosion and oxidation experiments.,高密度有毒低熔点导体、腐蚀和氧化实验。,Deadly contact and reactive heating require sealed containment.,致命接触和反应热需要密闭围护。
OMNI_PT_NH,NH(tmp=0) -> POLO + one PHOT after 90 to 180 game ticks.,鿭在 90 至 180 个游戏刻后 -> 钋 + 一个光子。,Direct placement initializes the randomized game lifetime with no unlock or synthesis gate.,直接放置会初始化随机游戏寿命，不设置解锁或合成门槛。,Short-lived superheavy decay heat containment and shielding experiments.,短寿命超重元素、衰变热、封存和屏蔽实验。,Extremely radioactive; each decay emits at most one finite-life photon.,放射性极强；每次衰变至多发射一个有限寿命光子。
OMNI_PT_GE,Warm GE + ACID -> SALT + H2; hot GE + O2 -> GLAS + finite FIRE; local discharge starts a 10-tick blue glow.,温热锗 + 酸液 -> 盐 + 氢气；高温锗 + 氧气 -> 玻璃态代理 + 有限火焰；局部放电会启动 10 刻蓝色辉光。,Place directly cool LAVA(GE) below 1211.4 K or use acid oxygen and local electrical sources.,直接放置、把熔融锗冷却到 1211.4 K 以下，或用于酸液、氧气和局部电源实验。,Brittle conductive semiconductor oxidation corrosion and finite discharge-glow experiments.,脆性导电半导体、氧化、腐蚀和有限放电辉光实验。,Warm acid and hot oxygen release hydrogen heat or fire; electrical glow consumes the shared event budget.,温热酸液和高温氧气会释放氢气、热量或火焰；放电辉光占用共享事件预算。
OMNI_PT_FL,FL(tmp=0) -> POLO + one PHOT after 60 to 130 game ticks.,𫓧在 60 至 130 个游戏刻后 -> 钋 + 一个光子。,Direct placement initializes the randomized game lifetime with no unlock or synthesis gate.,直接放置会初始化随机游戏寿命，不设置解锁或合成门槛。,Short-lived superheavy carbon-group decay heat containment and shielding experiments.,短寿命超重碳族元素、衰变热、封存和屏蔽实验。,Extremely radioactive; each decay emits at most one finite-life photon and bulk decay is capped at 1024 events per frame.,放射性极强；每次衰变至多发射一个有限寿命光子，大批量衰变每帧最多处理 1024 个事件。
OMNI_PT_N,N below 77 K -> LNTG; LNTG below 63 K -> NICE; NICE above 63.1 K -> LNTG; LNTG above 77 K -> N; local discharge starts a 12-tick violet glow.,氮低于 77 K -> 液氮；液氮低于 63 K -> 氮冰；氮冰高于 63.1 K -> 液氮；液氮高于 77 K -> 氮；局部放电启动 12 刻紫色辉光。,Place directly or warm official LNTG above 77 K after thawing NICE.,直接放置，或先融化氮冰再把官方液氮加热到 77 K 以上。,Atmosphere cryogenic phase-cycle and finite discharge-glow experiments.,气氛、低温相变循环和有限放电辉光实验。,Cryogenic phases can rapidly cool nearby material while high-energy discharge and plasma temperatures require containment.,低温相会快速冷却邻近材料；高能放电和等离子体温度需要围护。
OMNI_PT_P,Warm P + O2 -> DUST + finite FIRE; P melts at 317.3 K and its molten ctype vaporises above 554 K.,温热磷 + 氧气 -> 尘埃 + 有限火焰；磷在 317.3 K 熔化，其熔融类型在高于 554 K 时汽化。,Place directly or cool LAVA(P) below 317.3 K.,直接放置，或把熔融磷冷却到 317.3 K 以下。,Low-melting reactive nonmetal combustion phase-change and finite-vapor experiments.,低熔点活泼非金属、燃烧、相变和有限蒸气实验。,Toxic contact warm oxygen fire and hot vapor require sealed handling.,有毒接触、温热氧气、火焰和高温蒸气需要密闭处理。
OMNI_PT_AS,Warm AS + ACID -> SALT + H2; hot AS + O2 -> DUST + finite FIRE; AS above 887 K enters a finite sublimation proxy.,温热砷 + 酸液 -> 盐 + 氢气；高温砷 + 氧气 -> 尘埃 + 有限火焰；砷高于 887 K 时进入有限升华代理。,Place directly because the simplified model intentionally has no stable liquid arsenic phase.,直接放置；本简化模型有意不设置稳定液态砷相。,Toxic metalloid corrosion oxidation conductivity and sublimation experiments.,有毒类金属、腐蚀、氧化、导电和升华实验。,Deadly contact acid-generated hydrogen hot oxygen and vapor require sealed containment.,致命接触、酸反应氢气、高温氧气和蒸气需要密闭围护。
OMNI_PT_SB,Warm SB + ACID -> SALT + H2; hot SB + O2 -> SALT + finite FIRE; molten SB vaporises above 1908 K.,温热锑 + 酸液 -> 盐 + 氢气；高温锑 + 氧气 -> 盐 + 有限火焰；熔融锑高于 1908 K 时汽化。,Place directly or cool LAVA(SB) below 903.8 K.,直接放置，或把熔融锑冷却到 903.8 K 以下。,Brittle metalloid corrosion oxidation melting and high-temperature vapor experiments.,脆性类金属、腐蚀、氧化、熔化和高温蒸气实验。,Deadly contact hydrogen fire and molten heat require sealed containment.,致命接触、氢气、火焰和熔融高温需要密闭围护。
OMNI_PT_BI,Warm BI + ACID -> SALT + H2; hot BI + O2 -> SALT + finite FIRE; molten BI vaporises above 1837 K.,温热铋 + 酸液 -> 盐 + 氢气；高温铋 + 氧气 -> 盐 + 有限火焰；熔融铋高于 1837 K 时汽化。,Place directly or cool LAVA(BI) below 544.7 K.,直接放置，或把熔融铋冷却到 544.7 K 以下。,Dense low-melting metal corrosion oxidation and phase-change experiments.,高密度低熔点金属、腐蚀、氧化和相变实验。,Acid-generated hydrogen finite fire and molten heat remain hazardous despite the simplified non-deadly material flag.,尽管简化模型不把铋标记为致命，酸反应氢气、有限火焰和熔融高温仍有危险。
OMNI_PT_MC,MC(tmp=0) -> NH + one PHOT after 50 to 110 game ticks; NH -> POLO + one PHOT after another 90 to 180 ticks.,镆在 50 至 110 个游戏刻后 -> 鿭 + 一个光子；鿭再经过 90 至 180 刻 -> 钋 + 一个光子。,Direct placement initializes the first randomized lifetime with no unlock or synthesis gate.,直接放置会初始化第一段随机游戏寿命，不设置解锁或合成门槛。,Two-stage superheavy nitrogen-group decay heat containment and shielding experiments.,两阶段超重氮族衰变、衰变热、封存和屏蔽实验。,Extremely radioactive; each stage emits at most one finite-life photon and bulk decay is capped at 1024 events per frame.,放射性极强；每段衰变至多发射一个有限寿命光子，大批量衰变每帧最多处理 1024 个事件。
OMNI_PT_S,Warm S + O2 -> finite SMKE + finite FIRE; S melts at 388.4 K and molten S vaporises above 718 K.,温热硫 + 氧气 -> 有限烟雾 + 有限火焰；硫在 388.4 K 熔化且熔融硫在 718 K 以上汽化。,Place directly or cool LAVA(S) below 388.4 K.,直接放置，或把熔融硫冷却到 388.4 K 以下。,Low-melting combustible nonmetal oxidation smoke and finite-vapor experiments.,低熔点可燃非金属、氧化烟雾和有限蒸气实验。,Hot oxygen fire sulfur-oxide smoke and vapor require ventilation and ignition control.,高温氧气、火焰、硫氧化物烟雾和蒸气需要通风与火源控制。
OMNI_PT_SE,Local PHOT or electrical discharge can start a 12-tick blue glow; hot SE + O2 -> DUST + finite FIRE; molten SE vaporises above 958 K.,局部光子或电气放电可启动 12 刻蓝色辉光；高温硒 + 氧气 -> 尘埃 + 有限火焰；熔融硒在 958 K 以上汽化。,Place directly or cool LAVA(SE) below 494 K.,直接放置，或把熔融硒冷却到 494 K 以下。,Photoreactive semiconductor glow oxidation melting and finite-vapor experiments.,光敏半导体辉光、氧化、熔化和有限蒸气实验。,Deadly contact hot oxygen electrical sources and vapor require sealed handling.,致命接触、高温氧气、电源和蒸气需要密闭处理。
OMNI_PT_TE,Hot TE + O2 -> GLAS + finite FIRE; TE melts at 722.7 K and molten TE vaporises above 1261 K.,高温碲 + 氧气 -> 玻璃态代理 + 有限火焰；碲在 722.7 K 熔化且熔融碲在 1261 K 以上汽化。,Place directly or cool LAVA(TE) below 722.7 K.,直接放置，或把熔融碲冷却到 722.7 K 以下。,Fixed brittle conductor glass-forming oxidation melting and finite-vapor experiments.,固定脆性导体、玻璃态氧化、熔化和有限蒸气实验。,Deadly contact hot oxygen molten material fire and vapor require sealed containment.,致命接触、高温氧气、熔融材料、火焰和蒸气需要密闭围护。
OMNI_PT_LV,LV(tmp=0) -> FL + one PHOT after 40 to 90 game ticks; FL -> POLO + one PHOT after another 60 to 130 ticks.,𫟷在 40 至 90 个游戏刻后 -> 𫓧 + 一个光子；𫓧再经过 60 至 130 刻 -> 钋 + 一个光子。,Direct placement initializes the first randomized game lifetime with no unlock or synthesis gate.,直接放置会初始化第一段随机游戏寿命，不设置解锁或合成门槛。,Two-stage superheavy oxygen-group decay heat containment and shielding experiments.,两阶段超重氧族元素、衰变热、封存和屏蔽实验。,Extremely radioactive; each stage emits at most one finite-life photon and bulk decay is capped at 1024 events per frame.,放射性极强；每段衰变至多发射一个有限寿命光子，大批量衰变每帧最多处理 1024 个事件。
OMNI_PT_F,F + water -> 2 ACID; F + H2 -> 2 ACID; F + reactive metal -> 2 SALT; F + biological contaminant -> SALT + DUST.,氟 + 水 -> 2 份酸液；氟 + 氢气 -> 2 份酸液；氟 + 活泼金属 -> 2 份盐；氟 + 生物污染物 -> 盐 + 尘埃。,Direct placement provides the room-temperature gas with no unlock or synthesis gate.,直接放置即可获得常温气体，不设置解锁或合成门槛。,Strong oxidizer water-acid metal-halide corrosion and disinfection experiments.,强氧化剂、水成酸、金属卤化腐蚀和消毒实验。,Deadly gas reacts rapidly with water hydrogen metals and biological material while releasing bounded heat and pressure.,致命气体会快速与水、氢气、金属和生物材料反应，并释放有界热量和压力。
OMNI_PT_BR,Warm BR + H2 -> 2 ACID; BR + reactive metal -> 2 SALT; BR + contaminant -> SALT + DUST; BR above 332 K -> finite SMKE(BR).,温热溴 + 氢气 -> 2 份酸液；溴 + 活泼金属 -> 2 份盐；溴 + 污染物 -> 盐 + 尘埃；溴在 332 K 以上 -> 有限烟雾代理。,Direct placement provides the room-temperature liquid.,直接放置即可获得常温液体。,Dense liquid-halogen flow corrosion disinfection acid formation and finite-vapour experiments.,高密度液态卤素流动、腐蚀、消毒、成酸和有限蒸气实验。,Deadly liquid acid salt-forming heat and coloured vapour require sealed containment.,致命液体、成酸和成盐热量及着色蒸气需要密闭围护。
OMNI_PT_I,Warm I + H2 -> 2 ACID; I + reactive metal -> 2 SALT; I + contaminant -> SALT + DUST; I melts at 386.85 K and vaporises above 457 K.,温热碘 + 氢气 -> 2 份酸液；碘 + 活泼金属 -> 2 份盐；碘 + 污染物 -> 盐 + 尘埃；碘在 386.85 K 熔化并在 457 K 以上汽化。,Place directly or cool typed LAVA(I) below 386.85 K.,直接放置，或把带类型熔融碘冷却到 386.85 K 以下。,Solid-halogen melting corrosion disinfection acid formation and finite purple-vapour experiments.,固态卤素熔化、腐蚀、消毒、成酸和有限紫色蒸气实验。,Deadly contact acid molten iodine and hot vapour require sealed handling.,致命接触、酸液、熔融碘和高温蒸气需要密闭处理。
OMNI_PT_AT,AT can slowly form ACID or SALT before AT(tmp=0) -> POLO + one PHOT after 240 to 480 game ticks.,砹可在衰变前缓慢形成酸液或盐；砹在 240 至 480 个游戏刻后 -> 钋 + 一个光子。,Direct placement initializes the randomized lifetime while typed LAVA(AT) retains the same timer.,直接放置会初始化随机寿命且带类型熔融砹保留同一计时器。,Radioactive halogen chemistry melting decay heat containment and shielding experiments.,放射性卤素化学、熔化、衰变热、封存和屏蔽实验。,Deadly corrosion molten heat and radioactive decay emit bounded heat and one finite-life photon.,致命腐蚀、熔融热和放射性衰变会释放有界热量及一个有限寿命光子。
OMNI_PT_TS,TS(tmp=0) -> MC + one PHOT after 35 to 75 game ticks; MC -> NH -> POLO emits two more finite PHOT stages.,鿬在 35 至 75 个游戏刻后 -> 镆 + 一个光子；随后镆 -> 鿭 -> 钋还会产生两个有限光子阶段。,Direct placement initializes the first randomized game lifetime with no unlock or synthesis gate.,直接放置会初始化第一段随机游戏寿命，不设置解锁或合成门槛。,Three-stage superheavy halogen decay-chain heat containment and shielding experiments.,三阶段超重卤素衰变链、衰变热、封存和屏蔽实验。,Extremely radioactive; every stage emits at most one finite-life photon and bulk decay is capped at 1024 events per frame.,放射性极强；每段至多发射一个有限寿命光子，大批量衰变每帧最多处理 1024 个事件。
OMNI_PT_SC,Warm SC + ACID -> SALT + H2; hot SC + O2 -> typed MSCR + finite FIRE; local discharge gives SC a 12-tick blue glow and one finite PHOT.,温热钪 + 酸液 -> 盐 + 氢气；高温钪 + 氧气 -> 带类型碎料 + 有限火焰；局部放电使钪产生 12 刻蓝色辉光和一个有限光子。,Place directly or cool typed LAVA(SC) below 1814 K.,直接放置，或把带类型熔融钪冷却到 1814 K 以下。,Light conductive transition-metal corrosion phase-change and discharge-lamp experiments.,轻质导电过渡金属、腐蚀、相变和放电灯实验。,Acid hydrogen hot oxygen molten metal and finite vapour require controlled containment.,酸液、氢气、高温氧气、熔融金属和有限蒸气需要受控围护。
OMNI_PT_V,Hot V + molten STEL -> two molten TSTL proxies; warm V + ACID -> SALT + H2; hot V + O2 -> typed MSCR + finite FIRE.,高温钒 + 熔融钢 -> 两份熔融工具钢代理；温热钒 + 酸液 -> 盐 + 氢气；高温钒 + 氧气 -> 带类型碎料 + 有限火焰。,Place directly or cool typed LAVA(V) below 2183 K.,直接放置，或把带类型熔融钒冷却到 2183 K 以下。,High-melting metal tool-steel alloy corrosion oxidation and finite-vapour experiments.,高熔点金属、工具钢合金、腐蚀、氧化和有限蒸气实验。,Molten steel acid hydrogen hot oxygen and metal vapour require refractory containment.,熔融钢、酸液、氢气、高温氧气和金属蒸气需要耐火围护。
OMNI_PT_MN,Hot MN + molten IRON or STEL + O2 -> two molten STEL proxies + SLAG; warm MN + ACID -> SALT + H2; hot MN + O2 -> typed MSCR + finite FIRE.,高温锰 + 熔融铁或钢 + 氧气 -> 两份熔融钢代理 + 炉渣；温热锰 + 酸液 -> 盐 + 氢气；高温锰 + 氧气 -> 带类型碎料 + 有限火焰。,Place directly or cool typed LAVA(MN) below 1519 K.,直接放置，或把带类型熔融锰冷却到 1519 K 以下。,Brittle transition-metal steel deoxidation corrosion oxidation and phase-change experiments.,脆性过渡金属、钢液脱氧、腐蚀、氧化和相变实验。,Acid hydrogen oxygen molten iron hot slag and metal vapour require controlled handling.,酸液、氢气、氧气、熔融铁、高温炉渣和金属蒸气需要受控处理。
OMNI_PT_Y,Local discharge + Y -> Y{life=12} + one finite PHOT; warm Y + ACID -> SALT + H2; hot Y + O2 -> typed MSCR + finite FIRE.,局部放电 + 钇 -> 12 刻辉光钇 + 一个有限光子；温热钇 + 酸液 -> 盐 + 氢气；高温钇 + 氧气 -> 带类型碎料 + 有限火焰。,Place directly or cool typed LAVA(Y) below 1799 K.,直接放置，或把带类型熔融钇冷却到 1799 K 以下。,Reactive light transition-metal discharge glow corrosion oxidation and phase-change experiments.,活泼轻质过渡金属、放电辉光、腐蚀、氧化和相变实验。,Acid hydrogen hot oxygen molten metal finite photons and metal vapour require controlled containment.,酸液、氢气、高温氧气、熔融金属、有限光子和金属蒸气需要受控围护。
OMNI_PT_ZR,Hot ZR + WATR or WTRV -> typed MSCR + H2 + finite FIRE; warm ZR + ACID -> SALT + H2; hot ZR + O2 -> typed MSCR + finite FIRE.,高温锆 + 水或水蒸气 -> 带类型碎料 + 氢气 + 有限火焰；温热锆 + 酸液 -> 盐 + 氢气；高温锆 + 氧气 -> 带类型碎料 + 有限火焰。,Place directly or cool typed LAVA(ZR) below 2128 K.,直接放置，或把带类型熔融锆冷却到 2128 K 以下。,Refractory metal steam oxidation hydrogen generation corrosion and phase-change experiments.,耐火金属、蒸汽氧化、制氢、腐蚀和相变实验。,Hot steam hydrogen fire acid molten zirconium and vapour require refractory containment.,高温蒸汽、氢气、火焰、酸液、熔融锆和蒸气需要耐火围护。
OMNI_PT_NB,Warm NB + ACID above 550 K -> SALT + H2; hot NB + O2 above 1000 K -> typed MSCR + finite FIRE; molten NB vaporises above 5017 K.,温热铌在 550 K 以上 + 酸液 -> 盐 + 氢气；高温铌在 1000 K 以上 + 氧气 -> 带类型碎料 + 有限火焰；熔融铌在 5017 K 以上汽化。,Place directly or cool typed LAVA(NB) below 2750 K.,直接放置，或把带类型熔融铌冷却到 2750 K 以下。,Very-high-melting conductor acid-resistance oxidation-resistance and extreme-temperature experiments.,极高熔点导体、耐酸、抗氧化和极端温度实验。,Extreme molten heat acid hot oxygen fire hydrogen and metal vapour require refractory containment.,极端熔融高温、酸液、高温氧气、火焰、氢气和金属蒸气需要耐火围护。
OMNI_PT_TC,TC or typed LAVA(TC) -> RU + one PHOT after 600 to 1200 game ticks; warm TC + ACID -> SALT + H2; hot TC + O2 -> typed MSCR + finite FIRE.,锝或带类型熔融锝在 600 至 1200 个游戏刻后 -> 钌 + 一个光子；温热锝 + 酸液 -> 盐 + 氢气；高温锝 + 氧气 -> 带类型碎料 + 有限火焰。,Direct placement initializes the randomized decay timer while typed LAVA(TC) retains it.,直接放置会初始化随机衰变计时且带类型熔融锝保留该计时。,Radioactive refractory-metal decay heat corrosion oxidation and shielding experiments.,放射性耐火金属、衰变热、腐蚀、氧化和屏蔽实验。,Radioactivity decay heat finite photons acid hydrogen molten metal and vapour require shielding and containment.,放射性、衰变热、有限光子、酸液、氢气、熔融金属和蒸气需要屏蔽与围护。
OMNI_PT_RU,Hot RU + adjacent H2 + O2 -> two WATR while RU remains; warm RU + ACID -> SALT + H2; hot RU + O2 -> typed MSCR + finite FIRE.,高温钌 + 邻近氢气 + 氧气 -> 两份水且钌保留；温热钌 + 酸液 -> 盐 + 氢气；高温钌 + 氧气 -> 带类型碎料 + 有限火焰。,Place directly cool typed LAVA(RU) below 2607 K or obtain it from TC decay.,直接放置、把带类型熔融钌冷却到 2607 K 以下，或通过锝衰变获得。,Refractory platinum-group catalyst hydrogen oxidation conductor and corrosion experiments.,耐火铂族催化剂、氢气氧化、导电和腐蚀实验。,Hydrogen oxygen reaction heat acid molten ruthenium and vapour require ignition control and refractory containment.,氢氧反应热、酸液、熔融钌和蒸气需要点火控制与耐火围护。
OMNI_PT_RH,Warm RH + adjacent H2 + O2 -> two WATR while RH remains; hot RH + O2 -> typed MSCR + finite FIRE; molten RH vaporises above 3968 K.,温热铑 + 邻近氢气 + 氧气 -> 两份水且铑保留；高温铑 + 氧气 -> 带类型碎料 + 有限火焰；熔融铑在 3968 K 以上汽化。,Place directly or cool typed LAVA(RH) below 2237 K.,直接放置，或把带类型熔融铑冷却到 2237 K 以下。,Corrosion-resistant lower-temperature hydrogen oxidation catalyst and phase-change experiments.,耐腐蚀低温氢氧催化剂和相变实验。,Hydrogen oxygen reaction heat acid molten rhodium and vapour require ignition control and refractory containment.,氢氧反应热、酸液、熔融铑和蒸气需要点火控制与耐火围护。
OMNI_PT_PD,PD below 500 K absorbs up to four local H2; PD at or above 500 K releases stored H2 into empty neighbors; hot PD + O2 -> typed MSCR + finite FIRE.,低于 500 K 的钯最多吸收四个局部氢气；达到或超过 500 K 的钯向空邻格释放所储氢气；高温钯 + 氧气 -> 带类型碎料 + 有限火焰。,Place directly or cool typed LAVA(PD) below 1828 K.,直接放置，或把带类型熔融钯冷却到 1828 K 以下。,Reversible local hydrogen storage conductive platinum-group material and phase-change experiments.,可逆局部储氢、导电铂族材料和相变实验。,Released hydrogen oxygen heat acid molten palladium and vapour require ignition and pressure control.,释放的氢气、氧气、高温、酸液、熔融钯和蒸气需要点火与压力控制。
OMNI_PT_AG,Warm AG + S -> dark typed MSCR(AG) + dark DUST; hot AG + O2 -> typed MSCR + finite FIRE; molten AG vaporises above 2435 K.,温热银 + 硫 -> 暗色带类型银碎料 + 暗色尘埃；高温银 + 氧气 -> 带类型碎料 + 有限火焰；熔融银在 2435 K 以上汽化。,Place directly or cool typed LAVA(AG) below 1234.93 K.,直接放置，或把带类型熔融银冷却到 1234.93 K 以下。,High-conductivity sulfur tarnish corrosion oxidation and phase-change experiments.,高导电、硫化变暗、腐蚀、氧化和相变实验。,Sulfur acid hot oxygen fire molten silver and vapour require sealed temperature-controlled handling.,硫、酸液、高温氧气、火焰、熔融银和蒸气需要密闭控温处理。
OMNI_PT_CD,Warm CD + ACID -> SALT + H2; hot CD + O2 -> typed MSCR + finite FIRE; CD absorbs neutrons and melts at 594.22 K.,温热镉 + 酸液 -> 盐 + 氢气；高温镉 + 氧气 -> 带类型碎料 + 有限火焰；镉会吸收中子并在 594.22 K 熔化。,Place directly or cool typed LAVA(CD) below 594.22 K.,直接放置，或把带类型熔融镉冷却到 594.22 K 以下。,Toxic low-melting conductor neutron absorption corrosion oxidation and shielding experiments.,有毒低熔点导体、中子吸收、腐蚀、氧化和屏蔽实验。,Deadly contact neutrons acid hydrogen hot oxygen molten cadmium and vapour require sealed containment.,致命接触、中子、酸液、氢气、高温氧气、熔融镉和蒸气需要密闭围护。
OMNI_PT_LA,LA below 700 K + H2 -> LA{tmp<=4}; LA{tmp>0} above 900 K + empty neighbor -> LA + H2; warm LA + ACID -> SALT + H2.,低于 700 K 的镧 + 氢气 -> 最多储存四份氢气的镧；储氢镧高于 900 K + 空邻格 -> 镧 + 氢气；温热镧 + 酸液 -> 盐 + 氢气。,Place directly or cool typed LAVA(LA) below 1193 K.,直接放置，或把带类型熔融镧冷却到 1193 K 以下。,Reversible local hydrogen storage reactive lanthanide corrosion oxidation and phase-change experiments.,可逆局部储氢、活泼镧系金属、腐蚀、氧化和相变实验。,Released hydrogen acid hot oxygen fire molten lanthanum and vapour require ignition control.,释放的氢气、酸液、高温氧气、火焰、熔融镧和蒸气需要点火控制。
OMNI_PT_CE,CE from 400 to 750 K + O2 -> CE{tmp<=4}; CE{tmp>0} above 1050 K + empty neighbor -> CE + O2; hot CE + O2 -> typed MSCR + finite FIRE.,400 至 750 K 的铈 + 氧气 -> 最多储存四份氧气的铈；储氧铈高于 1050 K + 空邻格 -> 铈 + 氧气；高温铈 + 氧气 -> 带类型碎料 + 有限火焰。,Place directly or cool typed LAVA(CE) below 1068 K.,直接放置，或把带类型熔融铈冷却到 1068 K 以下。,Catalytic oxygen buffering reactive oxidation corrosion and phase-change experiments.,催化储氧、活泼氧化、腐蚀和相变实验。,Released oxygen acid fire molten cerium and vapour require oxidizer and temperature control.,释放的氧气、酸液、火焰、熔融铈和蒸气需要氧化剂与温度控制。
OMNI_PT_PR,PR + local electrical discharge -> PR{life=55/tmp2+=1}; warm PR + ACID -> SALT + H2; hot PR + O2 -> typed MSCR + finite FIRE.,镨 + 局部电气放电 -> 持续 55 刻且激励计数加一的镨；温热镨 + 酸液 -> 盐 + 氢气；高温镨 + 氧气 -> 带类型碎料 + 有限火焰。,Place directly or cool typed LAVA(PR) below 1208 K.,直接放置，或把带类型熔融镨冷却到 1208 K 以下。,Moderate magnetic-material excitation conductive corrosion oxidation and phase-change experiments.,中等磁性材料激励、导电、腐蚀、氧化和相变实验。,Electrical heat acid hydrogen fire molten praseodymium and vapour require containment.,电气热、酸液、氢气、火焰、熔融镨和蒸气需要围护。
OMNI_PT_ND,ND + local electrical discharge -> ND{life=70/tmp2+=1}; warm ND + ACID -> SALT + H2; hot ND + O2 -> typed MSCR + finite FIRE.,钕 + 局部电气放电 -> 持续 70 刻且激励计数加一的钕；温热钕 + 酸液 -> 盐 + 氢气；高温钕 + 氧气 -> 带类型碎料 + 有限火焰。,Place directly or cool typed LAVA(ND) below 1297 K.,直接放置，或把带类型熔融钕冷却到 1297 K 以下。,Strong magnetic-material excitation conductive corrosion oxidation and phase-change experiments.,强磁性材料激励、导电、腐蚀、氧化和相变实验。,Electrical heat acid hydrogen fire molten neodymium and vapour require containment.,电气热、酸液、氢气、火焰、熔融钕和蒸气需要围护。
OMNI_PT_PM,PM or typed LAVA(PM) -> SM or typed LAVA(SM) + one PHOT after 180 to 360 game ticks; warm PM + ACID -> SALT + H2.,钷或带类型熔融钷在 180 至 360 个游戏刻后 -> 钐或带类型熔融钐 + 一个光子；温热钷 + 酸液 -> 盐 + 氢气。,Direct placement initializes the randomized decay timer while typed LAVA(PM) retains it.,直接放置会初始化随机衰变计时且带类型熔融钷保留该计时。,Bounded radioactive lanthanide decay heat corrosion oxidation and shielding experiments.,有界放射性镧系衰变热、腐蚀、氧化和屏蔽实验。,Radioactivity decay heat photons acid hydrogen fire molten promethium and vapour require shielding.,放射性、衰变热、光子、酸液、氢气、火焰、熔融钷和蒸气需要屏蔽。
OMNI_PT_SM,SM + local NEUT -> SM{tmp+=1/temp+=90K}; SM + local discharge -> finite magnetic glow; hot SM + O2 -> typed MSCR + finite FIRE.,钐 + 局部中子 -> 俘获计数加一且升温 90 K 的钐；钐 + 局部放电 -> 有限磁性辉光；高温钐 + 氧气 -> 带类型碎料 + 有限火焰。,Place directly cool typed LAVA(SM) below 1345 K or obtain it from promethium decay.,直接放置、把带类型熔融钐冷却到 1345 K 以下，或通过钷衰变获得。,Neutron absorption magnetic excitation corrosion oxidation and phase-change experiments.,中子吸收、磁性激励、腐蚀、氧化和相变实验。,Neutron capture heat electrical excitation acid fire molten samarium and vapour require shielding.,中子俘获热、电气激励、酸液、火焰、熔融钐和蒸气需要屏蔽。
OMNI_PT_EU,EU + nearby PHOT -> retained EU{life=60} + red-orange band PHOT; warm EU + ACID -> SALT + H2; hot EU + O2 -> typed MSCR + finite FIRE.,铕 + 邻近光子 -> 保留并辉光 60 刻的铕 + 红橙波段光子；温热铕 + 酸液 -> 盐 + 氢气；高温铕 + 氧气 -> 带类型碎料 + 有限火焰。,Place directly or cool typed LAVA(EU) below 1099 K.,直接放置，或把带类型熔融铕冷却到 1099 K 以下。,Red-orange fluorescence optical conversion corrosion oxidation and phase-change experiments.,红橙色荧光、光学转换、腐蚀、氧化和相变实验。,Photons acid hydrogen fire molten europium and vapour require optical containment.,光子、酸液、氢气、火焰、熔融铕和蒸气需要光学围护。
OMNI_PT_GD,GD + local NEUT -> GD{tmp+=1/temp+=180K}; GD + local discharge -> finite magnetic glow; hot GD + O2 -> typed MSCR + finite FIRE.,钆 + 局部中子 -> 俘获计数加一且升温 180 K 的钆；钆 + 局部放电 -> 有限磁性辉光；高温钆 + 氧气 -> 带类型碎料 + 有限火焰。,Place directly or cool typed LAVA(GD) below 1585 K.,直接放置，或把带类型熔融钆冷却到 1585 K 以下。,Strong neutron absorption magnetic excitation corrosion oxidation and phase-change experiments.,强中子吸收、磁性激励、腐蚀、氧化和相变实验。,Strong capture heat electrical excitation acid fire molten gadolinium and vapour require shielding.,强俘获热、电气激励、酸液、火焰、熔融钆和蒸气需要屏蔽。
OMNI_PT_TB,TB + nearby PHOT -> retained TB{life=60} + green-band PHOT; warm TB + ACID -> SALT + H2; hot TB + O2 -> typed MSCR + finite FIRE.,铽 + 邻近光子 -> 保留并辉光 60 刻的铽 + 绿色波段光子；温热铽 + 酸液 -> 盐 + 氢气；高温铽 + 氧气 -> 带类型碎料 + 有限火焰。,Place directly or cool typed LAVA(TB) below 1629 K.,直接放置，或把带类型熔融铽冷却到 1629 K 以下。,Green fluorescence optical conversion corrosion oxidation and phase-change experiments.,绿色荧光、光学转换、腐蚀、氧化和相变实验。,Photons acid hydrogen fire molten terbium and vapour require optical containment.,光子、酸液、氢气、火焰、熔融铽和蒸气需要光学围护。
OMNI_PT_DY,DY + local electrical discharge -> DY{life=80/tmp2+=1}; warm DY + ACID -> SALT + H2; hot DY + O2 -> typed MSCR + finite FIRE.,镝 + 局部电气放电 -> 持续 80 刻且激励计数加一的镝；温热镝 + 酸液 -> 盐 + 氢气；高温镝 + 氧气 -> 带类型碎料 + 有限火焰。,Place directly or cool typed LAVA(DY) below 1680 K.,直接放置，或把带类型熔融镝冷却到 1680 K 以下。,Strongest shared magnetic-material excitation corrosion oxidation and phase-change experiments.,共享模型中最强磁性材料激励、腐蚀、氧化和相变实验。,Electrical heat acid hydrogen fire molten dysprosium and vapour require containment.,电气热、酸液、氢气、火焰、熔融镝和蒸气需要围护。
OMNI_PT_HO,HO + local electrical discharge -> HO{life=75/tmp2+=1}; warm HO + ACID -> SALT + H2; hot HO + O2 -> typed MSCR + finite FIRE.,钬 + 局部电气放电 -> 持续 75 刻且激励计数加一的钬；温热钬 + 酸液 -> 盐 + 氢气；高温钬 + 氧气 -> 带类型碎料 + 有限火焰。,Place directly or cool typed LAVA(HO) below 1734 K.,直接放置，或把带类型熔融钬冷却到 1734 K 以下。,Violet magnetic-material excitation corrosion oxidation and high-temperature phase-change experiments.,紫色磁性材料激励、腐蚀、氧化和高温相变实验。,Electrical heat acid hydrogen fire molten holmium and vapour require containment.,电气热、酸液、氢气、火焰、熔融钬和蒸气需要围护。
OMNI_PT_ER,ER + nearby PHOT + cooldown ready -> retained ER{life=45} + one finite green-band PHOT; hot ER + O2 -> typed MSCR + finite FIRE.,铒 + 邻近光子 + 冷却完成 -> 保留并辉光 45 刻的铒 + 一个有限绿色波段光子；高温铒 + 氧气 -> 带类型碎料 + 有限火焰。,Place directly or cool typed LAVA(ER) below 1802 K.,直接放置，或把带类型熔融铒冷却到 1802 K 以下。,Bounded green-band photon amplification optical corrosion oxidation and phase-change experiments.,有界绿色波段光子放大、光学、腐蚀、氧化和相变实验。,Emitted photons acid fire molten erbium and vapour require optical and thermal containment.,发射光子、酸液、火焰、熔融铒和蒸气需要光学与热围护。
OMNI_PT_TM,TM + nearby PHOT + cooldown ready -> retained TM{life=45} + one finite blue-band PHOT; hot TM + O2 -> typed MSCR + finite FIRE.,铥 + 邻近光子 + 冷却完成 -> 保留并辉光 45 刻的铥 + 一个有限蓝色波段光子；高温铥 + 氧气 -> 带类型碎料 + 有限火焰。,Place directly or cool typed LAVA(TM) below 1818 K.,直接放置，或把带类型熔融铥冷却到 1818 K 以下。,Bounded blue-band photon amplification optical corrosion oxidation and phase-change experiments.,有界蓝色波段光子放大、光学、腐蚀、氧化和相变实验。,Emitted photons acid fire molten thulium and vapour require optical and thermal containment.,发射光子、酸液、火焰、熔融铥和蒸气需要光学与热围护。
OMNI_PT_YB,Warm YB + water-like particle -> SALT + H2; warm YB + ACID -> SALT + H2; hot YB + O2 -> typed MSCR + finite FIRE.,温热镱 + 类水粒子 -> 盐 + 氢气；温热镱 + 酸液 -> 盐 + 氢气；高温镱 + 氧气 -> 带类型碎料 + 有限火焰。,Place directly or cool typed LAVA(YB) below 1097 K.,直接放置，或把带类型熔融镱冷却到 1097 K 以下。,Warm-water reaction low-melting corrosion oxidation and phase-change experiments.,温水反应、低熔点、腐蚀、氧化和相变实验。,Water hydrogen acid fire molten ytterbium and vapour require ignition control.,水、氢气、酸液、火焰、熔融镱和蒸气需要点火控制。
OMNI_PT_LU,LU + local NEUT -> LU{tmp+=1/temp+=60K}; warm LU + ACID -> SALT + H2; hot LU + O2 -> typed MSCR + finite FIRE.,镥 + 局部中子 -> 俘获计数加一且升温 60 K 的镥；温热镥 + 酸液 -> 盐 + 氢气；高温镥 + 氧气 -> 带类型碎料 + 有限火焰。,Place directly or cool typed LAVA(LU) below 1925 K.,直接放置，或把带类型熔融镥冷却到 1925 K 以下。,Dense neutron absorption refractory corrosion oxidation and phase-change experiments.,高密度中子吸收、耐火、腐蚀、氧化和相变实验。,Neutrons acid hydrogen fire molten lutetium and vapour require shielded refractory containment.,中子、酸液、氢气、火焰、熔融镥和蒸气需要屏蔽耐火围护。
OMNI_PT_HF,HF + local NEUT -> HF{tmp+=1/temp+=90K}; hot HF + ACID -> SALT + H2; hot HF + O2 -> typed MSCR + finite FIRE.,铪 + 局部中子 -> 俘获计数加一且升温 90 K 的铪；高温铪 + 酸液 -> 盐 + 氢气；高温铪 + 氧气 -> 带类型碎料 + 有限火焰。,Place directly or cool typed LAVA(HF) below 2506 K.,直接放置，或把带类型熔融铪冷却到 2506 K 以下。,Refractory neutron absorption shielding corrosion oxidation and phase-change experiments.,耐火中子吸收、屏蔽、腐蚀、氧化和相变实验。,Neutrons acid hydrogen hot oxygen molten hafnium fire and vapour require shielded refractory containment.,中子、酸液、氢气、高温氧气、熔融铪、火焰和蒸气需要屏蔽耐火围护。
OMNI_PT_TA,Hot TA + O2 -> retained TA{life=120} + glassy passivation proxy; passive TA temporarily resists acid and further oxidation; molten TA vaporises above 5731 K.,高温钽 + 氧气 -> 保留钽并形成持续 120 刻的玻璃态钝化代理；钝化钽暂时抵抗酸液和继续氧化；熔融钽在 5731 K 以上汽化。,Place directly or cool typed LAVA(TA) below 3290 K.,直接放置，或把带类型熔融钽冷却到 3290 K 以下。,Temporary passivation refractory conduction corrosion resistance and phase-change experiments.,临时钝化、耐火导电、耐腐蚀和相变实验。,Hot oxygen glass residue extreme molten heat acid and vapour require refractory containment.,高温氧气、玻璃残留、极端熔融高温、酸液和蒸气需要耐火围护。
OMNI_PT_RE,Hot RE + hot NICL or LAVA(NICL) -> two LAVA(TSTL) superalloy proxies; hot RE + ACID -> SALT + H2; molten RE vaporises above 5903 K.,高温铼 + 高温镍或带类型熔融镍 -> 两份带类型熔融工具钢高温合金代理；高温铼 + 酸液 -> 盐 + 氢气；熔融铼在 5903 K 以上汽化。,Place directly or cool typed LAVA(RE) below 3459 K.,直接放置，或把带类型熔融铼冷却到 3459 K 以下。,Very-high-temperature nickel alloy refractory corrosion oxidation and phase-change experiments.,极高温镍合金、耐火、腐蚀、氧化和相变实验。,Molten nickel alloy heat acid hydrogen oxygen fire and metal vapour require refractory containment.,熔融镍合金高温、酸液、氢气、氧气、火焰和金属蒸气需要耐火围护。
OMNI_PT_OS,Warm OS + O2 -> finite SMKE(OS) + CAUS toxic-oxide proxy; hot OS + ACID -> SALT + H2; molten OS vaporises above 5285 K.,温热锇 + 氧气 -> 有限带类型锇烟雾 + 苛性有毒氧化物代理；高温锇 + 酸液 -> 盐 + 氢气；熔融锇在 5285 K 以上汽化。,Place directly or cool typed LAVA(OS) below 3306 K.,直接放置，或把带类型熔融锇冷却到 3306 K 以下。,Extreme-density metal toxic oxidation corrosion and phase-change experiments.,极高密度金属、有毒氧化、腐蚀和相变实验。,Warm oxygen caustic residue toxic vapour acid hydrogen molten osmium and vapour require sealed handling.,温热氧气、苛性残留、有毒蒸气、酸液、氢气、熔融锇和金属蒸气需要密闭处理。
OMNI_PT_IR,Warm IR + two local PERO + empty neighbor -> retained IR + two WATR + O2; hot IR + ACID -> SALT + H2; molten IR vaporises above 4701 K.,温热铱 + 两份局部过氧化氢 + 空邻格 -> 保留铱 + 两份水 + 氧气；高温铱 + 酸液 -> 盐 + 氢气；熔融铱在 4701 K 以上汽化。,Place directly or cool typed LAVA(IR) below 2719 K.,直接放置，或把带类型熔融铱冷却到 2719 K 以下。,Platinum-group peroxide catalysis corrosion resistance conduction and phase-change experiments.,铂族过氧化氢催化、耐腐蚀、导电和相变实验。,Peroxide oxygen reaction heat acid hydrogen molten iridium and vapour require oxidizer control.,过氧化氢、氧气、反应热、酸液、氢气、熔融铱和蒸气需要氧化剂控制。
OMNI_PT_AC,AC or typed LAVA(AC) reaches zero life -> FR + one finite PHOT; AC + local NEUT -> TH; hot AC + O2 -> typed MSCR + finite FIRE.,锕或带类型熔融锕寿命归零 -> 钫 + 一个有限光子；锕 + 局部中子 -> 钍；高温锕 + 氧气 -> 带类型碎料 + 有限火焰。,Place directly for a 720 to 1200 tick timer or irradiate actinium with one local neutron.,直接放置可获得 720 至 1200 刻计时，或用一个局部中子照射锕。,Representative decay-chain neutron irradiation corrosion oxidation and molten-phase experiments.,代表性衰变链、中子照射、腐蚀、氧化和熔融相实验。,Radioactivity decay heat photons acid hydrogen hot oxygen and typed waste require shielding.,放射性、衰变热、光子、酸液、氢气、高温氧气和带类型废料需要屏蔽。
OMNI_PT_TH,TH or typed LAVA(TH) reaches zero life -> RA + one finite PHOT; TH + local NEUT -> PA; hot TH + O2 -> typed MSCR + finite FIRE.,钍或带类型熔融钍寿命归零 -> 镭 + 一个有限光子；钍 + 局部中子 -> 镤；高温钍 + 氧气 -> 带类型碎料 + 有限火焰。,Place directly for the longest family timer or obtain thorium from actinium neutron capture.,直接放置可获得全族最长计时，或通过锕俘获中子得到钍。,Fertile breeding refractory metal decay heat corrosion oxidation and shielding experiments.,增殖型燃料、耐火金属、衰变热、腐蚀、氧化和屏蔽实验。,Radioactivity neutron capture heat radium descendants acid fire and molten thorium require shielding.,放射性、中子俘获热、镭后代、酸液、火焰和熔融钍需要屏蔽。
OMNI_PT_PA,PA or typed LAVA(PA) reaches zero life -> official URAN + one finite PHOT; PA + local NEUT -> official URAN.,镤或带类型熔融镤寿命归零 -> 官方铀 + 一个有限光子；镤 + 局部中子 -> 官方铀。,Place directly obtain it from thorium capture or cool typed LAVA(PA) below 1841 K.,直接放置、通过钍俘获得到，或把带类型熔融镤冷却到 1841 K 以下。,Thorium breeding intermediate decay heat neutron capture and refractory phase experiments.,钍增殖中间体、衰变热、中子俘获和耐火相变实验。,Radioactivity uranium products capture heat acids oxidizers and hot vapour require shielding.,放射性、铀产物、俘获热、酸液、氧化剂和高温蒸气需要屏蔽。
OMNI_PT_NP,NP or typed LAVA(NP) reaches zero life -> PA + one finite PHOT; NP + local NEUT -> official PLUT.,镎或带类型熔融镎寿命归零 -> 镤 + 一个有限光子；镎 + 局部中子 -> 官方钚。,Place directly for a 720 to 1200 tick timer or produce it as a representative transuranic sample.,直接放置可获得 720 至 1200 刻计时，或作为代表性超铀样本使用。,Transuranic breeding decay heat low melting metal and neutron conversion experiments.,超铀增殖、衰变热、低熔点金属和中子转化实验。,Radioactivity plutonium products neutron heat acid oxidation and vapour require strong shielding.,放射性、钚产物、中子热、酸液、氧化和蒸气需要强屏蔽。
OMNI_PT_AM,AM or typed LAVA(AM) reaches zero life -> NP + one finite PHOT; AM + local NEUT -> CM; hot AM + O2 -> typed MSCR + FIRE.,镅或带类型熔融镅寿命归零 -> 镎 + 一个有限光子；镅 + 局部中子 -> 锔；高温镅 + 氧气 -> 带类型碎料 + 火焰。,Place directly for a 600 to 1000 tick timer or use it as the start of the synthetic capture chain.,直接放置可获得 600 至 1000 刻计时，或把它作为人工俘获链起点。,Radioactive source neutron transmutation corrosion oxidation and decay-chain experiments.,放射源、中子嬗变、腐蚀、氧化和衰变链实验。,Strong radioactivity decay heat curium products acids oxidizers and vapour require shielding.,强放射性、衰变热、锔产物、酸液、氧化剂和蒸气需要屏蔽。
OMNI_PT_CM,CM or typed LAVA(CM) reaches zero life -> official PLUT + one finite PHOT; CM + local NEUT -> BK.,锔或带类型熔融锔寿命归零 -> 官方钚 + 一个有限光子；锔 + 局部中子 -> 锫。,Place directly obtain it from americium capture or cool typed LAVA(CM) below 1613 K.,直接放置、通过镅俘获得到，或把带类型熔融锔冷却到 1613 K 以下。,Higher decay heat transmutation plutonium production and radioactive phase experiments.,较高衰变热、嬗变、钚产物和放射性相变实验。,Shorter life stronger heat plutonium descendants neutrons acid and oxidation require shielding.,较短寿命、较强热量、钚后代、中子、酸液和氧化需要屏蔽。
OMNI_PT_BK,BK or typed LAVA(BK) reaches zero life -> AM + one finite PHOT; BK + local NEUT -> CF; hot BK + O2 -> typed MSCR + FIRE.,锫或带类型熔融锫寿命归零 -> 镅 + 一个有限光子；锫 + 局部中子 -> 锎；高温锫 + 氧气 -> 带类型碎料 + 火焰。,Place directly for a 420 to 720 tick timer or obtain it from curium neutron capture.,直接放置可获得 420 至 720 刻计时，或通过锔俘获中子得到。,Synthetic-element irradiation decay-chain and neutron-source preparation experiments.,人工元素照射、衰变链和中子源制备实验。,High activity californium products neutron exposure acids and hot oxidation require shielding.,高活度、锎产物、中子暴露、酸液和高温氧化需要屏蔽。
OMNI_PT_CF,Cool CF + local NEUT -> ES; CF at or above 900 K + local NEUT -> CM + one replacement finite NEUT; zero-life CF -> CM + one finite NEUT.,冷锎 + 局部中子 -> 锿；900 K 及以上锎 + 局部中子 -> 锔 + 一个替代性有限中子；寿命归零锎 -> 锔 + 一个有限中子。,Place directly for a 300 to 540 tick timer or obtain it from berkelium neutron capture.,直接放置可获得 300 至 540 刻计时，或通过锫俘获中子得到。,Bounded neutron source irradiation fission heat synthesis and shielding experiments.,有界中子源、照射、裂变热、合成和屏蔽实验。,Very high activity short neutrons fission heat pressure acids oxygen and vapour require heavy shielding.,极高活度、短寿命中子、裂变热、压力、酸液、氧气和蒸气需要重屏蔽。
OMNI_PT_ES,ES or typed LAVA(ES) reaches zero life -> BK + one finite PHOT; ES + local NEUT -> FM; molten ES vaporises above 1269 K.,锿或带类型熔融锿寿命归零 -> 锫 + 一个有限光子；锿 + 局部中子 -> 镄；熔融锿在 1269 K 以上汽化。,Place directly for a 260 to 480 tick timer or obtain it by cool californium neutron capture.,直接放置可获得 260 至 480 刻计时，或通过冷锎俘获中子得到。,Short-lived synthetic-element decay transmutation and low boiling phase experiments.,短寿命人工元素衰变、嬗变和低沸点相变实验。,High activity fermium products neutron heat acids oxidation and vapour require shielding.,高活度、镄产物、中子热、酸液、氧化和蒸气需要屏蔽。
OMNI_PT_FM,FM or typed LAVA(FM) reaches zero life -> CF + one finite PHOT; FM + local NEUT -> MD; hot FM + O2 -> typed MSCR + FIRE.,镄或带类型熔融镄寿命归零 -> 锎 + 一个有限光子；镄 + 局部中子 -> 钔；高温镄 + 氧气 -> 带类型碎料 + 火焰。,Place directly for a 220 to 420 tick timer or obtain it from einsteinium neutron capture.,直接放置可获得 220 至 420 刻计时，或通过锿俘获中子得到。,High-activity decay-chain synthesis neutron irradiation and phase experiments.,高活度衰变链合成、中子照射和相变实验。,Californium descendants neutron emission heat acids oxygen and vapour require heavy shielding.,锎后代、中子发射、热量、酸液、氧气和蒸气需要重屏蔽。
OMNI_PT_MD,MD or typed LAVA(MD) reaches zero life -> ES + one finite PHOT; MD + local NEUT -> NO; molten MD vaporises above 1400 K.,钔或带类型熔融钔寿命归零 -> 锿 + 一个有限光子；钔 + 局部中子 -> 锘；熔融钔在 1400 K 以上汽化。,Place directly for a 180 to 360 tick timer or obtain it from fermium neutron capture.,直接放置可获得 180 至 360 刻计时，或通过镄俘获中子得到。,Very short synthetic decay neutron transmutation and radioactive heat experiments.,极短寿命人工衰变、中子嬗变和放射性热实验。,Strong decay heat nobelium products neutrons acids oxygen and vapour require shielding.,强衰变热、锘产物、中子、酸液、氧气和蒸气需要屏蔽。
OMNI_PT_NO,NO or typed LAVA(NO) reaches zero life -> FM + one finite PHOT; NO + local NEUT -> LR; molten NO vaporises above 1500 K.,锘或带类型熔融锘寿命归零 -> 镄 + 一个有限光子；锘 + 局部中子 -> 铹；熔融锘在 1500 K 以上汽化。,Place directly for a 150 to 300 tick timer or obtain it from mendelevium neutron capture.,直接放置可获得 150 至 300 刻计时，或通过钔俘获中子得到。,Late-actinide synthesis strong decay heat and low melting phase experiments.,晚期锕系合成、强衰变热和低熔点相变实验。,Very short life lawrencium products neutron heat acids oxidation and vapour require shielding.,极短寿命、铹产物、中子热、酸液、氧化和蒸气需要屏蔽。
OMNI_PT_LR,LR or typed LAVA(LR) reaches zero life -> MD + one finite PHOT; LR + local NEUT -> retained LR with bounded capture heat.,铹或带类型熔融铹寿命归零 -> 钔 + 一个有限光子；铹 + 局部中子 -> 保留铹并产生有界俘获热。,Place directly for a 120 to 240 tick timer or obtain it from nobelium neutron capture.,直接放置可获得 120 至 240 刻计时，或通过锘俘获中子得到。,Terminal actinide decay heat neutron absorption refractory phase and shielding experiments.,末端锕系衰变热、中子吸收、耐火相变和屏蔽实验。,Shortest timer strongest family heat photons neutrons acids oxidation and vapour require shielding.,全族最短计时、最强热量、光子、中子、酸液、氧化和蒸气需要屏蔽。
