identifier,display_code,english_name,chinese_name,source_mod,source_id,stable_id,menu_category,element_state,default_enabled,duplicate_of,save_compatibility,implementation_status,test_status,is_duplicate,meson_name,source_file,source_commit,english_description,chinese_description,license,notes
DEFAULT_PT_NONE,NONE,Eraser,擦除工具,The-Powder-Toy/The-Powder-Toy,0,0,SC_SPECIAL,none,true,,official-locked,implemented,source-verified,false,NONE,src/simulation/elements/NONE.cpp,bff38ce6959e1c1a7a4d17d0d5d44d127a0dfcbd,Erases particles.,擦除粒子,GPL-3.0-only,
DEFAULT_PT_DUST,DUST,Dust,尘埃,The-Powder-Toy/The-Powder-Toy,1,1,SC_POWDERS,powder,true,,official-locked,implemented,source-verified,false,DUST,src/simulation/elements/DUST.cpp,bff38ce6959e1c1a7a4d17d0d5d44d127a0dfcbd,Very light dust. Flammable.,"轻粉末,难燃且火焰微弱",GPL-3.0-only,
DEFAULT_PT_WATR,WATR,Water,水,The-Powder-Toy/The-Powder-Toy,2,2,SC_LIQUID,liquid,true,,official-locked,implemented,source-verified,false,WATR,src/simulation/elements/WATR.cpp,bff38ce6959e1c1a7a4d17d0d5d44d127a0dfcbd,"Water. Conducts electricity, freezes, and extinguishes fires.","水,能导电",GPL-3.0-only,
DEFAULT_PT_OIL,OIL,Oil,石油,The-Powder-Toy/The-Powder-Toy,3,3,SC_LIQUID,liquid,true,,official-locked,implemented,source-verified,false,OIL,src/simulation/elements/OIL.cpp,bff38ce6959e1c1a7a4d17d0d5d44d127a0dfcbd,"Flammable, turns into GAS at low pressure or high temperature.","石油,易燃,较低压力/加热下会变成石油气",GPL-3.0-only,
DEFAULT_PT_FIRE,FIRE,Fire,火焰,The-Powder-Toy/The-Powder-Toy,4,4,SC_EXPLOSIVE,gas,true,,official-locked,implemented,source-verified,false,FIRE,src/simulation/elements/FIRE.cpp,bff38ce6959e1c1a7a4d17d0d5d44d127a0dfcbd,Ignites flammable materials. Heats air.,"火焰,用于点燃或加热",GPL-3.0-only,
DEFAULT_PT_STNE,STNE,Stone,石粉,The-Powder-Toy/The-Powder-Toy,5,5,SC_POWDERS,powder,true,,official-locked,implemented,source-verified,false,STNE,src/simulation/elements/STNE.cpp,bff38ce6959e1c1a7a4d17d0d5d44d127a0dfcbd,"Stone. Heavy particles, meltable.","石粉,重粉末,熔化时变为LAVA",GPL-3.0-only,
DEFAULT_PT_LAVA,LAVA,Lava,熔岩,The-Powder-Toy/The-Powder-Toy,6,6,SC_LIQUID,liquid,true,,official-locked,implemented,source-verified,false,LAVA,src/simulation/elements/LAVA.cpp,bff38ce6959e1c1a7a4d17d0d5d44d127a0dfcbd,"Molten lava. Ignites flammable materials. Generated when metals and other materials melt, solidifies when cold.","岩浆,冷却后变成固体,所有熔融物都是一个样子,区别在于其Ctype",GPL-3.0-only,
DEFAULT_PT_GUNP,GUN,Gunpowder,黑火药,The-Powder-Toy/The-Powder-Toy,7,7,SC_EXPLOSIVE,powder,true,,official-locked,implemented,source-verified,false,GUNP,src/simulation/elements/GUNP.cpp,bff38ce6959e1c1a7a4d17d0d5d44d127a0dfcbd,"Gunpowder. Light dust, explodes on contact with fire or spark.","黑火药,可以被电脉冲和明火引爆",GPL-3.0-only,
DEFAULT_PT_NITR,NITR,Nitroglycerin,硝化甘油,The-Powder-Toy/The-Powder-Toy,8,8,SC_EXPLOSIVE,liquid,true,,official-locked,implemented,source-verified,false,NITR,src/simulation/elements/NITR.cpp,bff38ce6959e1c1a7a4d17d0d5d44d127a0dfcbd,Nitroglycerin. Pressure sensitive explosive. Mix with CLST to make TNT.,"硝化甘油,压力下,电脉冲,明火都可以引起爆炸",GPL-3.0-only,
DEFAULT_PT_CLNE,CLNE,Clone,复制体,The-Powder-Toy/The-Powder-Toy,9,9,SC_SPECIAL,solid,true,,official-locked,implemented,source-verified,false,CLNE,src/simulation/elements/CLNE.cpp,bff38ce6959e1c1a7a4d17d0d5d44d127a0dfcbd,Clone. Duplicates any particles it touches.,"复制体,复制碰到它的任何物体",GPL-3.0-only,
DEFAULT_PT_GAS,GAS,Gas,石油气,The-Powder-Toy/The-Powder-Toy,10,10,SC_GAS,gas,true,,official-locked,implemented,source-verified,false,GAS,src/simulation/elements/GAS.cpp,bff38ce6959e1c1a7a4d17d0d5d44d127a0dfcbd,Diffuses quickly and is flammable. Liquefies into OIL under pressure.,"石油气,易燃,在压力下液化成油",GPL-3.0-only,
DEFAULT_PT_PLEX,C-4,C-4,C-4 塑胶炸药,The-Powder-Toy/The-Powder-Toy,11,11,SC_EXPLOSIVE,solid,true,,official-locked,implemented,source-verified,false,PLEX,src/simulation/elements/PLEX.cpp,bff38ce6959e1c1a7a4d17d0d5d44d127a0dfcbd,Solid pressure sensitive explosive.,"C-4塑胶炸弹,压力敏感型炸药,暴露在高压下,电脉冲或者达到爆炸点都可以引发爆炸",GPL-3.0-only,
DEFAULT_PT_GOO,GOO,Goo,黏胶,The-Powder-Toy/The-Powder-Toy,12,12,SC_SOLIDS,solid,true,,official-locked,implemented,source-verified,false,GOO,src/simulation/elements/GOO.cpp,bff38ce6959e1c1a7a4d17d0d5d44d127a0dfcbd,Deforms and disappears under pressure.,"粘土,在压力下会变形消失",GPL-3.0-only,
DEFAULT_PT_ICEI,ICE,Ice,冰,The-Powder-Toy/The-Powder-Toy,13,13,SC_SOLIDS,solid,true,,official-locked,implemented,source-verified,false,ICEI,src/simulation/elements/ICEI.cpp,bff38ce6959e1c1a7a4d17d0d5d44d127a0dfcbd,Crushes under pressure. Cools down air.,"冰,在压力下会破碎变成雪",GPL-3.0-only,
DEFAULT_PT_METL,METL,Metal,金属,The-Powder-Toy/The-Powder-Toy,14,14,SC_ELEC,solid,true,,official-locked,implemented,source-verified,false,METL,src/simulation/elements/METL.cpp,bff38ce6959e1c1a7a4d17d0d5d44d127a0dfcbd,"Metal, the basic conductor. Meltable.","金属,最基础的导体,可以熔化",GPL-3.0-only,
DEFAULT_PT_SPRK,SPRK,Spark,电火花,The-Powder-Toy/The-Powder-Toy,15,15,SC_ELEC,solid,true,,official-locked,implemented,source-verified,false,SPRK,src/simulation/elements/SPRK.cpp,bff38ce6959e1c1a7a4d17d0d5d44d127a0dfcbd,"Electricity. The basis of all electronics in TPT, travels along conductive elements.","电脉冲,所有电子设备的基础,电脉冲不能单独放置(并不是一个真实的粒子)你需要将其放在导体上",GPL-3.0-only,
DEFAULT_PT_SNOW,SNOW,Snow,雪,The-Powder-Toy/The-Powder-Toy,16,16,SC_POWDERS,powder,true,,official-locked,implemented,source-verified,false,SNOW,src/simulation/elements/SNOW.cpp,bff38ce6959e1c1a7a4d17d0d5d44d127a0dfcbd,Light particles. Created when ICE breaks under pressure.,"雪,轻粉末,ICE在压力下破坏形成雪加热后变成WATR",GPL-3.0-only,
DEFAULT_PT_WOOD,WOOD,Wood,木材,The-Powder-Toy/The-Powder-Toy,17,17,SC_SOLIDS,solid,true,,official-locked,implemented,source-verified,false,WOOD,src/simulation/elements/WOOD.cpp,bff38ce6959e1c1a7a4d17d0d5d44d127a0dfcbd,"Wood, flammable.","木头,可燃物允许NEUT通过",GPL-3.0-only,
DEFAULT_PT_NEUT,NEUT,Neutron,中子,The-Powder-Toy/The-Powder-Toy,18,18,SC_NUCLEAR,energy,true,,official-locked,implemented,source-verified,false,NEUT,src/simulation/elements/NEUT.cpp,bff38ce6959e1c1a7a4d17d0d5d44d127a0dfcbd,Neutrons. Interact with matter in odd ways.,"中子,不受重力影响的粒子,可以随意移动",GPL-3.0-only,
DEFAULT_PT_PLUT,PLUT,Plutonium,钚,The-Powder-Toy/The-Powder-Toy,19,19,SC_NUCLEAR,powder,true,,official-locked,implemented,source-verified,false,PLUT,src/simulation/elements/PLUT.cpp,bff38ce6959e1c1a7a4d17d0d5d44d127a0dfcbd,"Plutonium. Heavy, fissile particles. Generates neutrons under pressure.","钚,易裂变,在高压下,被闪电击中或大量的中子轰击时更不稳定",GPL-3.0-only,
DEFAULT_PT_PLNT,PLNT,Plant,植物,The-Powder-Toy/The-Powder-Toy,20,20,SC_SOLIDS,solid,true,,official-locked,implemented,source-verified,false,PLNT,src/simulation/elements/PLNT.cpp,bff38ce6959e1c1a7a4d17d0d5d44d127a0dfcbd,"Plant, drinks water and grows.","植物,吸收水分生长,低温时变成蓝色",GPL-3.0-only,
DEFAULT_PT_ACID,ACID,Acid,酸液,The-Powder-Toy/The-Powder-Toy,21,21,SC_LIQUID,liquid,true,,official-locked,implemented,source-verified,false,ACID,src/simulation/elements/ACID.cpp,bff38ce6959e1c1a7a4d17d0d5d44d127a0dfcbd,Dissolves almost everything.,"酸,可以腐蚀几乎所有物质",GPL-3.0-only,
DEFAULT_PT_VOID,VOID,Void,虚空,The-Powder-Toy/The-Powder-Toy,22,22,SC_SPECIAL,solid,true,,official-locked,implemented,source-verified,false,VOID,src/simulation/elements/VOID.cpp,bff38ce6959e1c1a7a4d17d0d5d44d127a0dfcbd,"Hole, will drain away any particles.","虚空,可以吸收物质(除固体即使被活塞推入)并产生少量压力",GPL-3.0-only,
DEFAULT_PT_WTRV,WTRV,Water Vapor,水蒸气,The-Powder-Toy/The-Powder-Toy,23,23,SC_GAS,gas,true,,official-locked,implemented,source-verified,false,WTRV,src/simulation/elements/WTRV.cpp,bff38ce6959e1c1a7a4d17d0d5d44d127a0dfcbd,Steam. Produced from hot water.,"水蒸气,水加热到100℃以上或者盐水加热到109.86℃以上时产生",GPL-3.0-only,
DEFAULT_PT_CNCT,CNCT,Concrete,混凝土,The-Powder-Toy/The-Powder-Toy,24,24,SC_POWDERS,powder,true,,official-locked,implemented,source-verified,false,CNCT,src/simulation/elements/CNCT.cpp,bff38ce6959e1c1a7a4d17d0d5d44d127a0dfcbd,"Concrete. Can stack on itself or ROCK, collapses with pressure.","混凝土,重粉末,比石粉坚固且更难熔化",GPL-3.0-only,
DEFAULT_PT_DSTW,DSTW,Distilled Water,蒸馏水,The-Powder-Toy/The-Powder-Toy,25,25,SC_LIQUID,liquid,true,,official-locked,implemented,source-verified,false,DSTW,src/simulation/elements/DSTW.cpp,bff38ce6959e1c1a7a4d17d0d5d44d127a0dfcbd,"Distilled water, does not conduct electricity.","蒸馏水,不导电的理论纯水",GPL-3.0-only,
DEFAULT_PT_SALT,SALT,Salt,盐,The-Powder-Toy/The-Powder-Toy,26,26,SC_POWDERS,powder,true,,official-locked,implemented,source-verified,false,SALT,src/simulation/elements/SALT.cpp,bff38ce6959e1c1a7a4d17d0d5d44d127a0dfcbd,"Salt, dissolves in water.","盐,能溶于WATR形成SLTW",GPL-3.0-only,
DEFAULT_PT_SLTW,SLTW,Salt Water,盐水,The-Powder-Toy/The-Powder-Toy,27,27,SC_LIQUID,liquid,true,,official-locked,implemented,source-verified,false,SLTW,src/simulation/elements/SLTW.cpp,bff38ce6959e1c1a7a4d17d0d5d44d127a0dfcbd,"Saltwater, conducts electricity, difficult to freeze.","盐水,SALT+WATR的产物能更快的导电(比WATR快),具有更高沸点和更低的凝固点",GPL-3.0-only,
DEFAULT_PT_DMND,DMND,Diamond,钻石,The-Powder-Toy/The-Powder-Toy,28,28,SC_SPECIAL,solid,true,,official-locked,implemented,source-verified,false,DMND,src/simulation/elements/DMND.cpp,bff38ce6959e1c1a7a4d17d0d5d44d127a0dfcbd,Diamond. Indestructible.,"钻石,坚不可摧",GPL-3.0-only,
DEFAULT_PT_BMTL,BMTL,Breakable Metal,可破坏金属,The-Powder-Toy/The-Powder-Toy,29,29,SC_SOLIDS,solid,true,,official-locked,implemented,source-verified,false,BMTL,src/simulation/elements/BMTL.cpp,bff38ce6959e1c1a7a4d17d0d5d44d127a0dfcbd,"Breakable metal. Common conductive building material, can melt and break under pressure.","脆金属,在压力下破坏,高温下熔化",GPL-3.0-only,
DEFAULT_PT_BRMT,BRMT,Broken Metal,金属粉,The-Powder-Toy/The-Powder-Toy,30,30,SC_POWDERS,powder,true,,official-locked,implemented,source-verified,false,BRMT,src/simulation/elements/BRMT.cpp,bff38ce6959e1c1a7a4d17d0d5d44d127a0dfcbd,Broken metal. Created when iron rusts or when metals break from pressure.,"金属粉,铁生锈或金属暴露在压力下碎裂时产生",GPL-3.0-only,
DEFAULT_PT_PHOT,PHOT,Photon,光子,The-Powder-Toy/The-Powder-Toy,31,31,SC_NUCLEAR,energy,true,,official-locked,implemented,source-verified,false,PHOT,src/simulation/elements/PHOT.cpp,bff38ce6959e1c1a7a4d17d0d5d44d127a0dfcbd,"Photons. Refract through glass, and different elements change its color. Can ignite flammable materials.","光子,沿直线传播,不受重力影响,受牛顿万有引力影响,可用于点燃物质或传递热量",GPL-3.0-only,
DEFAULT_PT_URAN,URAN,Uranium,铀,The-Powder-Toy/The-Powder-Toy,32,32,SC_NUCLEAR,powder,true,,official-locked,implemented,source-verified,false,URAN,src/simulation/elements/URAN.cpp,bff38ce6959e1c1a7a4d17d0d5d44d127a0dfcbd,Uranium. Heavy particles. Generates heat under pressure.,"铀,核反应的副产品在压力下会快速上升温度(指数关系)在低压或没有压力时会缓慢冷却",GPL-3.0-only,
DEFAULT_PT_WAX,WAX,Wax,蜡,The-Powder-Toy/The-Powder-Toy,33,33,SC_SOLIDS,solid,true,,official-locked,implemented,source-verified,false,WAX,src/simulation/elements/WAX.cpp,bff38ce6959e1c1a7a4d17d0d5d44d127a0dfcbd,"Flammable, melts at moderately high temperatures.","蜡,加热时会融化",GPL-3.0-only,
DEFAULT_PT_MWAX,MWAX,Molten Wax,熔融蜡,The-Powder-Toy/The-Powder-Toy,34,34,SC_LIQUID,liquid,true,,official-locked,implemented,source-verified,false,MWAX,src/simulation/elements/MWAX.cpp,bff38ce6959e1c1a7a4d17d0d5d44d127a0dfcbd,Liquid Wax. Hardens into WAX at 45 degrees.,"蜡油,融化的蜡,可以燃烧,45℃时凝固成蜡",GPL-3.0-only,
DEFAULT_PT_PSCN,PSCN,P-Type Silicon,P 型硅,The-Powder-Toy/The-Powder-Toy,35,35,SC_ELEC,solid,true,,official-locked,implemented,source-verified,false,PSCN,src/simulation/elements/PSCN.cpp,bff38ce6959e1c1a7a4d17d0d5d44d127a0dfcbd,"P-Type Silicon, Will transfer current to any conductor. Enables powered materials.","P型硅,可以电脉冲传导给任何导体,可以熔化",GPL-3.0-only,
DEFAULT_PT_NSCN,NSCN,N-Type Silicon,N 型硅,The-Powder-Toy/The-Powder-Toy,36,36,SC_ELEC,solid,true,,official-locked,implemented,source-verified,false,NSCN,src/simulation/elements/NSCN.cpp,bff38ce6959e1c1a7a4d17d0d5d44d127a0dfcbd,"N-Type Silicon, Will not transfer current to P-Type Silicon. Disables powered materials.","N型硅,不会向P型硅传递电脉冲(即电脉冲只能从PSCN单向传导到NSCN)",GPL-3.0-only,
DEFAULT_PT_LNTG,LN2,Liquid Nitrogen,液氮,The-Powder-Toy/The-Powder-Toy,37,37,SC_LIQUID,liquid,true,,official-locked,implemented,source-verified,false,LNTG,src/simulation/elements/LNTG.cpp,bff38ce6959e1c1a7a4d17d0d5d44d127a0dfcbd,"Liquid Nitrogen. Very cold, disappears whenever it touches anything warmer.","液氮,遇到比它热的物质后会消失并产生压力",GPL-3.0-only,
DEFAULT_PT_INSL,INSL,Insulator,绝缘体,The-Powder-Toy/The-Powder-Toy,38,38,SC_ELEC,solid,true,,official-locked,implemented,source-verified,false,INSL,src/simulation/elements/INSL.cpp,bff38ce6959e1c1a7a4d17d0d5d44d127a0dfcbd,"Insulator. Blocks heat, electricity, and radiation.","绝缘体,绝缘体,既不吸收,也不释放热量给其它元素",GPL-3.0-only,
DEFAULT_PT_BHOL,VACU,Vacuum,真空孔,The-Powder-Toy/The-Powder-Toy,39,39,SC_SPECIAL,solid,true,,official-locked,implemented,source-verified,false,BHOL,src/simulation/elements/BHOL.cpp,bff38ce6959e1c1a7a4d17d0d5d44d127a0dfcbd,"Vacuum, sucks in other particles and heats up.","吸气孔,产生引力吸入物质并升温",GPL-3.0-only,
DEFAULT_PT_WHOL,VENT,Vent,排气孔,The-Powder-Toy/The-Powder-Toy,40,40,SC_SPECIAL,solid,true,,official-locked,implemented,source-verified,false,WHOL,src/simulation/elements/WHOL.cpp,bff38ce6959e1c1a7a4d17d0d5d44d127a0dfcbd,"Air vent, creates pressure and pushes other particles away.","排气孔,产生斥力排斥物质",GPL-3.0-only,
DEFAULT_PT_RBDM,RBDM,Rubidium,铷,The-Powder-Toy/The-Powder-Toy,41,41,SC_EXPLOSIVE,solid,true,,official-locked,implemented,source-verified,false,RBDM,src/simulation/elements/RBDM.cpp,bff38ce6959e1c1a7a4d17d0d5d44d127a0dfcbd,"Rubidium. Explosive, especially on contact with water. Low melting point.","固态铷,低熔点,可以导电,遇水爆炸",GPL-3.0-only,
DEFAULT_PT_LRBD,LRBD,Liquid Rubidium,液态铷,The-Powder-Toy/The-Powder-Toy,42,42,SC_EXPLOSIVE,liquid,true,,official-locked,implemented,source-verified,false,LRBD,src/simulation/elements/LRBD.cpp,bff38ce6959e1c1a7a4d17d0d5d44d127a0dfcbd,Liquid Rubidium.,"液态铷,压力越大,爆炸点越低",GPL-3.0-only,
DEFAULT_PT_NTCT,NTCT,NTC Thermistor,负温度系数热敏电阻,The-Powder-Toy/The-Powder-Toy,43,43,SC_ELEC,solid,true,,official-locked,implemented,source-verified,false,NTCT,src/simulation/elements/NTCT.cpp,bff38ce6959e1c1a7a4d17d0d5d44d127a0dfcbd,"NTC Thermistor. Conducts with PSCN and NSCN, but only when heated above 100C.","负温度系数热敏电阻,只有超过100℃时才导电",GPL-3.0-only,
DEFAULT_PT_SAND,SAND,Sand,沙,The-Powder-Toy/The-Powder-Toy,44,44,SC_POWDERS,powder,true,,official-locked,implemented,source-verified,false,SAND,src/simulation/elements/SAND.cpp,bff38ce6959e1c1a7a4d17d0d5d44d127a0dfcbd,"Sand, Heavy particles. Melts into glass.","沙子,重粉末,熔化后冷却能形成玻璃",GPL-3.0-only,
DEFAULT_PT_GLAS,GLAS,Glass,玻璃,The-Powder-Toy/The-Powder-Toy,45,45,SC_SOLIDS,solid,true,,official-locked,implemented,source-verified,false,GLAS,src/simulation/elements/GLAS.cpp,bff38ce6959e1c1a7a4d17d0d5d44d127a0dfcbd,"Glass. Meltable. Shatters under pressure, and refracts photons.","玻璃,可熔,在压力下破碎,可以将光子分散成不同的光",GPL-3.0-only,
DEFAULT_PT_PTCT,PTCT,PTC Thermistor,正温度系数热敏电阻,The-Powder-Toy/The-Powder-Toy,46,46,SC_ELEC,solid,true,,official-locked,implemented,source-verified,false,PTCT,src/simulation/elements/PTCT.cpp,bff38ce6959e1c1a7a4d17d0d5d44d127a0dfcbd,"PTC Thermistor. Conducts with PSCN and NSCN, but only when cooled below 100C.","正温度系数热敏电阻,只有低于100℃时才导电",GPL-3.0-only,
DEFAULT_PT_BGLA,BGLA,Broken Glass,碎玻璃,The-Powder-Toy/The-Powder-Toy,47,47,SC_POWDERS,powder,true,,official-locked,implemented,source-verified,false,BGLA,src/simulation/elements/BGLA.cpp,bff38ce6959e1c1a7a4d17d0d5d44d127a0dfcbd,"Broken Glass, heavy particles formed when glass breaks under pressure. Meltable. Bagels.","碎玻璃,玻璃在压力下破碎,熔化后能重新变回玻璃",GPL-3.0-only,
DEFAULT_PT_THDR,THDR,Thunder,球状闪电,The-Powder-Toy/The-Powder-Toy,48,48,SC_EXPLOSIVE,powder,true,,official-locked,implemented,source-verified,false,THDR,src/simulation/elements/THDR.cpp,bff38ce6959e1c1a7a4d17d0d5d44d127a0dfcbd,"Lightning! Very hot, inflicts damage upon most materials, and transfers current to metals.","电光火球/球状闪电,很热的类液体物质高温(9000.00℃)带电与物质接触时产生巨大压力(256P",GPL-3.0-only,
DEFAULT_PT_PLSM,PLSM,Plasma,等离子体,The-Powder-Toy/The-Powder-Toy,49,49,SC_GAS,gas,true,,official-locked,implemented,source-verified,false,PLSM,src/simulation/elements/PLSM.cpp,bff38ce6959e1c1a7a4d17d0d5d44d127a0dfcbd,"Plasma, extremely hot.","等离子体,炽热的气体",GPL-3.0-only,
DEFAULT_PT_ETRD,ETRD,Electrode,电极,The-Powder-Toy/The-Powder-Toy,50,50,SC_ELEC,solid,true,,official-locked,implemented,source-verified,false,ETRD,src/simulation/elements/ETRD.cpp,bff38ce6959e1c1a7a4d17d0d5d44d127a0dfcbd,Electrode. Creates plasma arcs with electricity. (Use sparingly),"电极,一旦通电会在相邻两个电极之间产生等离子体",GPL-3.0-only,
DEFAULT_PT_NICE,NICE,Nitrogen Ice,固态氮,The-Powder-Toy/The-Powder-Toy,51,51,SC_SOLIDS,solid,true,,official-locked,implemented,source-verified,false,NICE,src/simulation/elements/NICE.cpp,bff38ce6959e1c1a7a4d17d0d5d44d127a0dfcbd,"Nitrogen Ice. Very cold, will melt into LN2 when heated only slightly.","氮冰,氮的固体形式,熔化后变成LN2",GPL-3.0-only,
DEFAULT_PT_NBLE,NBLE,Noble Gas,稀有气体,The-Powder-Toy/The-Powder-Toy,52,52,SC_GAS,gas,true,,official-locked,implemented,source-verified,false,NBLE,src/simulation/elements/NBLE.cpp,bff38ce6959e1c1a7a4d17d0d5d44d127a0dfcbd,Noble Gas. Ionizes into plasma when sparked. Diffuses.,"惰性气体,通电后能电离成等离子体,但只有1600℃左右",GPL-3.0-only,
DEFAULT_PT_BTRY,BTRY,Battery,电池,The-Powder-Toy/The-Powder-Toy,53,53,SC_ELEC,solid,true,,official-locked,implemented,source-verified,false,BTRY,src/simulation/elements/BTRY.cpp,bff38ce6959e1c1a7a4d17d0d5d44d127a0dfcbd,Battery. Generates infinite electricity.,"电池,产生无限的电脉冲",GPL-3.0-only,
DEFAULT_PT_LCRY,LCRY,Liquid Crystal,液晶,The-Powder-Toy/The-Powder-Toy,54,54,SC_POWERED,solid,true,,official-locked,implemented,source-verified,false,LCRY,src/simulation/elements/LCRY.cpp,bff38ce6959e1c1a7a4d17d0d5d44d127a0dfcbd,"Liquid Crystal. Changes colour when charged. (PSCN Charges, NSCN Discharges)","液晶,激活时改变颜色,用P型硅激活,N型硅关闭",GPL-3.0-only,
DEFAULT_PT_STKM,STKM,Stickman,火柴人,The-Powder-Toy/The-Powder-Toy,55,55,SC_SPECIAL,special,true,,official-locked,implemented,source-verified,false,STKM,src/simulation/elements/STKM.cpp,bff38ce6959e1c1a7a4d17d0d5d44d127a0dfcbd,Stickman. Don't kill him! Control with the arrow keys.,"火柴人,受重力和压力影响,使用方向键来控制其运动,吃PLNT或修改Life值可以修改生命值",GPL-3.0-only,
DEFAULT_PT_SWCH,SWCH,Switch,开关,The-Powder-Toy/The-Powder-Toy,56,56,SC_ELEC,solid,true,,official-locked,implemented,source-verified,false,SWCH,src/simulation/elements/SWCH.cpp,bff38ce6959e1c1a7a4d17d0d5d44d127a0dfcbd,"Switch. Only conducts when switched on. (PSCN switches on, NSCN switches off)","开关,从PSCN导入电时可导电,从NSCN导入电时不可导电",GPL-3.0-only,
DEFAULT_PT_SMKE,SMKE,Smoke,烟雾,The-Powder-Toy/The-Powder-Toy,57,57,SC_GAS,gas,true,,official-locked,implemented,source-verified,false,SMKE,src/simulation/elements/SMKE.cpp,bff38ce6959e1c1a7a4d17d0d5d44d127a0dfcbd,"Smoke, created by fire.","烟,火焰冷却到较低温度时会产生烟,可燃烧",GPL-3.0-only,
DEFAULT_PT_DESL,DESL,Diesel,柴油,The-Powder-Toy/The-Powder-Toy,58,58,SC_LIQUID,liquid,true,,official-locked,implemented,source-verified,false,DESL,src/simulation/elements/DESL.cpp,bff38ce6959e1c1a7a4d17d0d5d44d127a0dfcbd,Liquid diesel. Explodes under high pressure and temperatures.,"柴油,温度达到燃点或压力超过极限时自燃",GPL-3.0-only,
DEFAULT_PT_COAL,COAL,Coal,煤,The-Powder-Toy/The-Powder-Toy,59,59,SC_SOLIDS,solid,true,,official-locked,implemented,source-verified,false,COAL,src/simulation/elements/COAL.cpp,bff38ce6959e1c1a7a4d17d0d5d44d127a0dfcbd,"Coal, Burns very slowly. Gets red when hot.","煤,缓慢燃烧,燃烧时发红",GPL-3.0-only,
DEFAULT_PT_LO2,LOXY,Liquid Oxygen,液氧,The-Powder-Toy/The-Powder-Toy,60,60,SC_LIQUID,liquid,true,,official-locked,implemented,source-verified,false,LO2,src/simulation/elements/LO2.cpp,bff38ce6959e1c1a7a4d17d0d5d44d127a0dfcbd,Liquid Oxygen. Very cold. Reacts with fire.,"液氧,点燃时产生等离子体,升温时转变成氧气",GPL-3.0-only,
DEFAULT_PT_O2,OXYG,Oxygen,氧气,The-Powder-Toy/The-Powder-Toy,61,61,SC_GAS,gas,true,,official-locked,implemented,source-verified,false,O2,src/simulation/elements/O2.cpp,bff38ce6959e1c1a7a4d17d0d5d44d127a0dfcbd,Oxygen gas. Ignites easily.,"氧气,高度易燃的气体,可以被火焰点燃",GPL-3.0-only,
DEFAULT_PT_INWR,INWR,Insulated Wire,绝缘导线,The-Powder-Toy/The-Powder-Toy,62,62,SC_ELEC,solid,true,,official-locked,implemented,source-verified,false,INWR,src/simulation/elements/INWR.cpp,bff38ce6959e1c1a7a4d17d0d5d44d127a0dfcbd,"Insulated wire. Only conducts to PSCN, NSCN, WIFI, and SWCH.","绝缘线,只能在P型硅与N型硅之间传递电脉冲(双向)",GPL-3.0-only,
DEFAULT_PT_YEST,YEST,Yeast,酵母,The-Powder-Toy/The-Powder-Toy,63,63,SC_POWDERS,powder,true,,official-locked,implemented,source-verified,false,YEST,src/simulation/elements/YEST.cpp,bff38ce6959e1c1a7a4d17d0d5d44d127a0dfcbd,"Yeast, grows when warm (~37C).","酵母,在特定温度范围(29.85℃/303k~43.85℃/317k,不包括边界值)会繁殖",GPL-3.0-only,
DEFAULT_PT_DYST,DYST,Dead Yeast,死酵母,The-Powder-Toy/The-Powder-Toy,64,64,SC_POWDERS,powder,true,,official-locked,implemented,source-verified,false,DYST,src/simulation/elements/DYST.cpp,bff38ce6959e1c1a7a4d17d0d5d44d127a0dfcbd,Dead Yeast.,菌丝,GPL-3.0-only,
DEFAULT_PT_THRM,THRM,Thermite,铝热剂,The-Powder-Toy/The-Powder-Toy,65,65,SC_EXPLOSIVE,powder,true,,official-locked,implemented,source-verified,false,THRM,src/simulation/elements/THRM.cpp,bff38ce6959e1c1a7a4d17d0d5d44d127a0dfcbd,Thermite. Burns into extremely hot molten metal.,"铝热剂,只能与FIRE,PLSM,LAVA,LIFE反应,产生巨大的热量",GPL-3.0-only,
DEFAULT_PT_GLOW,GLOW,Glow,荧光液,The-Powder-Toy/The-Powder-Toy,66,66,SC_LIQUID,liquid,true,,official-locked,implemented,source-verified,false,GLOW,src/simulation/elements/GLOW.cpp,bff38ce6959e1c1a7a4d17d0d5d44d127a0dfcbd,"Glow, Glows under pressure.","荧光液,在压力下发光",GPL-3.0-only,
DEFAULT_PT_BRCK,BRCK,Brick,砖,The-Powder-Toy/The-Powder-Toy,67,67,SC_SOLIDS,solid,true,,official-locked,implemented,source-verified,false,BRCK,src/simulation/elements/BRCK.cpp,bff38ce6959e1c1a7a4d17d0d5d44d127a0dfcbd,"Brick, breakable building material.","砖块,易碎的建筑材料",GPL-3.0-only,
DEFAULT_PT_HFLM,CFLM,Cold Flame,冷焰,The-Powder-Toy/The-Powder-Toy,68,68,SC_EXPLOSIVE,gas,true,,official-locked,implemented,source-verified,false,CFLM,src/simulation/elements/CFLM.cpp,bff38ce6959e1c1a7a4d17d0d5d44d127a0dfcbd,Sub-zero flame.,"冷焰,绝对零度的火焰",GPL-3.0-only,
DEFAULT_PT_FIRW,FIRW,Firework,烟花,The-Powder-Toy/The-Powder-Toy,69,69,SC_EXPLOSIVE,powder,true,,official-locked,implemented,source-verified,false,FIRW,src/simulation/elements/FIRW.cpp,bff38ce6959e1c1a7a4d17d0d5d44d127a0dfcbd,"Fireworks! Colorful, set off by fire.","烟花,点燃后会升高并爆炸,产生高温和七彩的余烬",GPL-3.0-only,
DEFAULT_PT_FUSE,FUSE,Fuse,导火索,The-Powder-Toy/The-Powder-Toy,70,70,SC_EXPLOSIVE,solid,true,,official-locked,implemented,source-verified,false,FUSE,src/simulation/elements/FUSE.cpp,bff38ce6959e1c1a7a4d17d0d5d44d127a0dfcbd,Burns slowly. Ignites at very high temperatures or when sparked.,"导火索,高温或通电下缓慢燃烧",GPL-3.0-only,
DEFAULT_PT_FSEP,FSEP,Fuse Powder,导火索粉,The-Powder-Toy/The-Powder-Toy,71,71,SC_EXPLOSIVE,powder,true,,official-locked,implemented,source-verified,false,FSEP,src/simulation/elements/FSEP.cpp,bff38ce6959e1c1a7a4d17d0d5d44d127a0dfcbd,Fuse Powder. Burns slowly like FUSE.,"导火索粉末,像导火索一样缓慢燃烧",GPL-3.0-only,
DEFAULT_PT_AMTR,AMTR,Antimatter,反物质,The-Powder-Toy/The-Powder-Toy,72,72,SC_NUCLEAR,gas,true,,official-locked,implemented,source-verified,false,AMTR,src/simulation/elements/AMTR.cpp,bff38ce6959e1c1a7a4d17d0d5d44d127a0dfcbd,"Anti-Matter, destroys a majority of particles.","反物质,可以破坏大多数物质并产生低压和光子",GPL-3.0-only,
DEFAULT_PT_BCOL,BCOL,Broken Coal,煤粉,The-Powder-Toy/The-Powder-Toy,73,73,SC_POWDERS,powder,true,,official-locked,implemented,source-verified,false,BCOL,src/simulation/elements/BCOL.cpp,bff38ce6959e1c1a7a4d17d0d5d44d127a0dfcbd,"Broken Coal. Heavy particles, burns slowly.","煤粉,重粉末,点然后缓慢燃烧",GPL-3.0-only,
DEFAULT_PT_PCLN,PCLN,Powered Clone,可控复制体,The-Powder-Toy/The-Powder-Toy,74,74,SC_POWERED,solid,true,,official-locked,implemented,source-verified,false,PCLN,src/simulation/elements/PCLN.cpp,bff38ce6959e1c1a7a4d17d0d5d44d127a0dfcbd,"Powered clone. When activated, duplicates any particles it touches.","可控复制体,激活时变得和复制体一样",GPL-3.0-only,
DEFAULT_PT_HSWC,HSWC,Heat Switch,热开关,The-Powder-Toy/The-Powder-Toy,75,75,SC_POWERED,solid,true,,official-locked,implemented,source-verified,false,HSWC,src/simulation/elements/HSWC.cpp,bff38ce6959e1c1a7a4d17d0d5d44d127a0dfcbd,Heat switch. Conducts heat only when activated.,"热开关,当激活时才可以导热",GPL-3.0-only,
DEFAULT_PT_IRON,IRON,Iron,铁,The-Powder-Toy/The-Powder-Toy,76,76,SC_SOLIDS,solid,true,,official-locked,implemented,source-verified,false,IRON,src/simulation/elements/IRON.cpp,bff38ce6959e1c1a7a4d17d0d5d44d127a0dfcbd,"Rusts with salt, can be used for electrolysis of WATR.","铁,会被,盐水,氧气,水,液氧,腐蚀后变成脆金属,可用于电解水",GPL-3.0-only,
DEFAULT_PT_MORT,MORT,Steam Train,蒸汽火车,The-Powder-Toy/The-Powder-Toy,77,77,SC_SPECIAL,gas,true,,official-locked,implemented,source-verified,false,MORT,src/simulation/elements/MORT.cpp,bff38ce6959e1c1a7a4d17d0d5d44d127a0dfcbd,Steam Train.,"烟尘,会释放烟雾并缓慢的飘落下来",GPL-3.0-only,
DEFAULT_PT_LIFE,LIFE,Game of Life,生命游戏,The-Powder-Toy/The-Powder-Toy,78,78,SC_LIFE,solid,true,,official-locked,implemented,source-verified,false,LIFE,src/simulation/elements/LIFE.cpp,bff38ce6959e1c1a7a4d17d0d5d44d127a0dfcbd,Game Of Life! B3/S23,生命游戏! B3/S23,GPL-3.0-only,
DEFAULT_PT_DLAY,DLAY,Delay,延时器,The-Powder-Toy/The-Powder-Toy,79,79,SC_POWERED,solid,true,,official-locked,implemented,source-verified,false,DLAY,src/simulation/elements/DLAY.cpp,bff38ce6959e1c1a7a4d17d0d5d44d127a0dfcbd,Conducts with temperature-dependent delay. (use HEAT/COOL).,"延时器,当电脉冲通过延时计时会延迟X帧,X等于延时计的温度",GPL-3.0-only,
DEFAULT_PT_CO2,CO2,Carbon Dioxide,二氧化碳,The-Powder-Toy/The-Powder-Toy,80,80,SC_GAS,gas,true,,official-locked,implemented,source-verified,false,CO2,src/simulation/elements/CO2.cpp,bff38ce6959e1c1a7a4d17d0d5d44d127a0dfcbd,"Carbon Dioxide. Heavy gas, drifts downwards. Carbonates water and turns to dry ice when cold.","二氧化碳,高密度气体,真空中下沉,与水反应生成苏打水(BUBW),冷却后变成干冰",GPL-3.0-only,
DEFAULT_PT_DRIC,DRIC,Dry Ice,干冰,The-Powder-Toy/The-Powder-Toy,81,81,SC_SOLIDS,solid,true,,official-locked,implemented,source-verified,false,DRIC,src/simulation/elements/DRIC.cpp,bff38ce6959e1c1a7a4d17d0d5d44d127a0dfcbd,"Dry Ice, formed when CO2 is cooled.","干冰,二氧化碳冷却时形成",GPL-3.0-only,
DEFAULT_PT_CBNW,BUBW,Carbonated Water,碳酸水,The-Powder-Toy/The-Powder-Toy,82,82,SC_LIQUID,liquid,true,,official-locked,implemented,source-verified,false,CBNW,src/simulation/elements/CBNW.cpp,bff38ce6959e1c1a7a4d17d0d5d44d127a0dfcbd,Carbonated water. Slowly releases CO2.,"苏打水,缓慢释放CO2",GPL-3.0-only,
DEFAULT_PT_STOR,STOR,Storage,存储器,The-Powder-Toy/The-Powder-Toy,83,83,SC_POWERED,solid,true,,official-locked,implemented,source-verified,false,STOR,src/simulation/elements/STOR.cpp,bff38ce6959e1c1a7a4d17d0d5d44d127a0dfcbd,"Storage. Captures and stores a single particle. Releases when charged with PSCN, also passes to PIPE.","堆栈,吸收一个像素的与之接触的物质,修改它的Ctype值可以使它吸收特定的物质",GPL-3.0-only,
DEFAULT_PT_PVOD,PVOD,Powered Void,可控虚空,The-Powder-Toy/The-Powder-Toy,84,84,SC_POWERED,solid,true,,official-locked,implemented,source-verified,false,PVOD,src/simulation/elements/PVOD.cpp,bff38ce6959e1c1a7a4d17d0d5d44d127a0dfcbd,"Powered VOID. When activated, destroys entering particles.","可控虚空,一旦激活就如同虚空(VOID)一样,吸收一切物质",GPL-3.0-only,
DEFAULT_PT_CONV,CONV,Converter,转换器,The-Powder-Toy/The-Powder-Toy,85,85,SC_SPECIAL,solid,true,,official-locked,implemented,source-verified,false,CONV,src/simulation/elements/CONV.cpp,bff38ce6959e1c1a7a4d17d0d5d44d127a0dfcbd,Converter. Converts everything into whatever it first touches.,"转换器,转换它接触到的物质的Type值为它自身的Ctype值",GPL-3.0-only,
DEFAULT_PT_CAUS,CAUS,Caustic Gas,腐蚀性气体,The-Powder-Toy/The-Powder-Toy,86,86,SC_GAS,gas,true,,official-locked,implemented,source-verified,false,CAUS,src/simulation/elements/CAUS.cpp,bff38ce6959e1c1a7a4d17d0d5d44d127a0dfcbd,"Caustic Gas, acts like ACID.","酸性气体,性质和酸(ACID)相似",GPL-3.0-only,
DEFAULT_PT_LIGH,LIGH,Lightning,闪电,The-Powder-Toy/The-Powder-Toy,87,87,SC_EXPLOSIVE,solid,true,,official-locked,implemented,source-verified,false,LIGH,src/simulation/elements/LIGH.cpp,bff38ce6959e1c1a7a4d17d0d5d44d127a0dfcbd,Lightning. Change the brush size to set the size of the lightning.,"闪电,改变笔刷大小可以调整闪电大小和威力",GPL-3.0-only,
DEFAULT_PT_TESC,TESC,Tesla Coil,特斯拉线圈,The-Powder-Toy/The-Powder-Toy,88,88,SC_ELEC,solid,true,,official-locked,implemented,source-verified,false,TESC,src/simulation/elements/TESC.cpp,bff38ce6959e1c1a7a4d17d0d5d44d127a0dfcbd,Tesla coil! Creates lightning when sparked.,"特斯拉线圈,通电可以产生闪电(LIGH高温可以穿透一切",GPL-3.0-only,
DEFAULT_PT_DEST,DEST,Destroyer,毁灭弹,The-Powder-Toy/The-Powder-Toy,89,89,SC_EXPLOSIVE,powder,true,,official-locked,implemented,source-verified,false,DEST,src/simulation/elements/DEST.cpp,bff38ce6959e1c1a7a4d17d0d5d44d127a0dfcbd,"More destructive Bomb, can break through virtually anything.","高爆炸药,几乎可以破坏任何物质",GPL-3.0-only,
DEFAULT_PT_SPNG,SPNG,Sponge,海绵,The-Powder-Toy/The-Powder-Toy,90,90,SC_SOLIDS,solid,true,,official-locked,implemented,source-verified,false,SPNG,src/simulation/elements/SPNG.cpp,bff38ce6959e1c1a7a4d17d0d5d44d127a0dfcbd,"Sponge, absorbs water. Is not a moving solid.","海绵可以从多种元素中(WATR,SLTW,DSTW,FRZW,BUBW,PSTE)吸水",GPL-3.0-only,
DEFAULT_PT_RIME,RIME,Rime,霜,The-Powder-Toy/The-Powder-Toy,91,91,SC_SOLIDS,solid,true,,official-locked,implemented,source-verified,false,RIME,src/simulation/elements/RIME.cpp,bff38ce6959e1c1a7a4d17d0d5d44d127a0dfcbd,"Solid, created when steam cools rapidly and goes through deposition, skipping the liquid phase.","霜,可以通电升华成雾",GPL-3.0-only,
DEFAULT_PT_FOG,FOG,Fog,雾,The-Powder-Toy/The-Powder-Toy,92,92,SC_GAS,gas,true,,official-locked,implemented,source-verified,false,FOG,src/simulation/elements/FOG.cpp,bff38ce6959e1c1a7a4d17d0d5d44d127a0dfcbd,"Fog, created when an electric current is passed through RIME.","雾,霜(RIME)受到电脉冲刺激时形成",GPL-3.0-only,
DEFAULT_PT_BCLN,BCLN,Breakable Clone,可破坏复制体,The-Powder-Toy/The-Powder-Toy,93,93,SC_SPECIAL,solid,true,,official-locked,implemented,source-verified,false,BCLN,src/simulation/elements/BCLN.cpp,bff38ce6959e1c1a7a4d17d0d5d44d127a0dfcbd,Breakable Clone.,可破坏复制体,GPL-3.0-only,
DEFAULT_PT_LOVE,LOVE,Love,爱心,The-Powder-Toy/The-Powder-Toy,94,94,SC_SPECIAL,solid,true,,official-locked,implemented,source-verified,false,LOVE,src/simulation/elements/LOVE.cpp,bff38ce6959e1c1a7a4d17d0d5d44d127a0dfcbd,Love...,"爱心,爱与和平",GPL-3.0-only,
DEFAULT_PT_DEUT,DEUT,Deuterium Oxide,重水,The-Powder-Toy/The-Powder-Toy,95,95,SC_NUCLEAR,liquid,true,,official-locked,implemented,source-verified,false,DEUT,src/simulation/elements/DEUT.cpp,bff38ce6959e1c1a7a4d17d0d5d44d127a0dfcbd,"Deuterium oxide. Gets more concentrated when cold, explodes with neutrons or protons.","重水,热胀冷缩,会被中子激发",GPL-3.0-only,
DEFAULT_PT_WARP,WARP,Warp Particle,迁跃粒子,The-Powder-Toy/The-Powder-Toy,96,96,SC_NUCLEAR,gas,true,,official-locked,implemented,source-verified,false,WARP,src/simulation/elements/WARP.cpp,bff38ce6959e1c1a7a4d17d0d5d44d127a0dfcbd,Displaces other elements.,"迁跃粉,传送时会产生ELEC",GPL-3.0-only,
DEFAULT_PT_PUMP,PUMP,Pressure Pump,压力泵,The-Powder-Toy/The-Powder-Toy,97,97,SC_POWERED,solid,true,,official-locked,implemented,source-verified,false,PUMP,src/simulation/elements/PUMP.cpp,bff38ce6959e1c1a7a4d17d0d5d44d127a0dfcbd,Pressure pump. Changes pressure to its temp when activated. (use HEAT/COOL).,"压力泵,激活时改变使周围压力变为自身温度值,可用HEAT/COOL控制",GPL-3.0-only,
DEFAULT_PT_FWRK,FWRK,Legacy Firework,传统烟花,The-Powder-Toy/The-Powder-Toy,98,98,SC_EXPLOSIVE,powder,true,,official-locked,implemented,source-verified,false,FWRK,src/simulation/elements/FWRK.cpp,bff38ce6959e1c1a7a4d17d0d5d44d127a0dfcbd,"Original version of fireworks, activated by heat/neutrons.","传统烟花,用中子或热量(200C)爆炸,比烟花(FIRW)升的更高,但火焰苍白",GPL-3.0-only,
DEFAULT_PT_PIPE,PIPE,Pipe,动力管,The-Powder-Toy/The-Powder-Toy,99,99,SC_FORCE,solid,true,,official-locked,implemented,source-verified,false,PIPE,src/simulation/elements/PIPE.cpp,bff38ce6959e1c1a7a4d17d0d5d44d127a0dfcbd,"PIPE, moves particles around. Once the BRCK generates, erase some for the exit. Then the PIPE generates and is usable.","动力管,可以用于向一个方向运输物质,自带动力,放置完毕后会在周围自动出现一圈砖块",GPL-3.0-only,
DEFAULT_PT_FRZZ,FRZZ,Freeze Powder,冷冻粉,The-Powder-Toy/The-Powder-Toy,100,100,SC_POWDERS,powder,true,,official-locked,implemented,source-verified,false,FRZZ,src/simulation/elements/FRZZ.cpp,bff38ce6959e1c1a7a4d17d0d5d44d127a0dfcbd,"Freeze powder. When melted, forms ice that always cools. Spreads with regular water.","寒尘,冷粉末,能立即冻住水,能将水转变成寒水",GPL-3.0-only,
DEFAULT_PT_FRZW,FRZW,Freeze Water,冷冻水,The-Powder-Toy/The-Powder-Toy,101,101,SC_LIQUID,liquid,true,,official-locked,implemented,source-verified,false,FRZW,src/simulation/elements/FRZW.cpp,bff38ce6959e1c1a7a4d17d0d5d44d127a0dfcbd,Freeze water. Hybrid liquid formed when Freeze powder melts.,"寒水,寒尘(FRZZ)溶于水形成,能自身不断降温直到绝对零度,同时将更多的水变成寒水",GPL-3.0-only,
DEFAULT_PT_GRAV,GRAV,Gravity Dust,引力尘,The-Powder-Toy/The-Powder-Toy,102,102,SC_POWDERS,powder,true,,official-locked,implemented,source-verified,false,GRAV,src/simulation/elements/GRAV.cpp,bff38ce6959e1c1a7a4d17d0d5d44d127a0dfcbd,Very light dust. Changes colour based on velocity.,"引力尘,十分轻的粉末,几乎无视重力,随着速度改变颜色",GPL-3.0-only,
DEFAULT_PT_BIZR,BIZR,Bizarre Liquid,奇异液体,The-Powder-Toy/The-Powder-Toy,103,103,SC_LIQUID,liquid,true,,official-locked,implemented,source-verified,false,BIZR,src/simulation/elements/BIZR.cpp,bff38ce6959e1c1a7a4d17d0d5d44d127a0dfcbd,Bizarre... contradicts the normal state changes. Paints other elements with its deco color.,"奇异液体,与一般物理规律相反的液体,会把碰到的物质染成自身颜色",GPL-3.0-only,
DEFAULT_PT_BIZRG,BIZG,Bizarre Gas,奇异气体,The-Powder-Toy/The-Powder-Toy,104,104,SC_GAS,gas,true,,official-locked,implemented,source-verified,false,BIZRG,src/simulation/elements/BIZRG.cpp,bff38ce6959e1c1a7a4d17d0d5d44d127a0dfcbd,Bizarre gas.,奇异气体,GPL-3.0-only,
DEFAULT_PT_BIZRS,BIZS,Bizarre Solid,奇异固体,The-Powder-Toy/The-Powder-Toy,105,105,SC_SOLIDS,solid,true,,official-locked,implemented,source-verified,false,BIZRS,src/simulation/elements/BIZRS.cpp,bff38ce6959e1c1a7a4d17d0d5d44d127a0dfcbd,Bizarre solid.,奇异固体,GPL-3.0-only,
DEFAULT_PT_INST,INST,Instant Conductor,瞬时导体,The-Powder-Toy/The-Powder-Toy,106,106,SC_ELEC,solid,true,,official-locked,implemented,source-verified,false,INST,src/simulation/elements/INST.cpp,bff38ce6959e1c1a7a4d17d0d5d44d127a0dfcbd,"Instantly conducts, PSCN to charge, NSCN to take.","瞬时导体,导电速度和导电墙相同,只能通过P型硅输入电脉冲,N型硅和GOLD输出电脉冲",GPL-3.0-only,
DEFAULT_PT_ISOZ,ISOZ,Isotope-Z,Z 同位素,The-Powder-Toy/The-Powder-Toy,107,107,SC_NUCLEAR,liquid,true,,official-locked,implemented,source-verified,false,ISOZ,src/simulation/elements/ISOZ.cpp,bff38ce6959e1c1a7a4d17d0d5d44d127a0dfcbd,"Isotope-Z. Radioactive liquid, decays into photons when touching PHOT or under negative pressure.","同位素-Z,放射性液体,可以被光子或负压激发会释放出更多的光子",GPL-3.0-only,
DEFAULT_PT_ISZS,ISZS,Solid Isotope-Z,固态 Z 同位素,The-Powder-Toy/The-Powder-Toy,108,108,SC_NUCLEAR,solid,true,,official-locked,implemented,source-verified,false,ISZS,src/simulation/elements/ISZS.cpp,bff38ce6959e1c1a7a4d17d0d5d44d127a0dfcbd,"Solid form of ISOZ, slowly decays into PHOT.","固态同位素,会随时间流逝慢慢衰减成光子,负压会加快衰变速度",GPL-3.0-only,
DEFAULT_PT_PRTI,PRTI,Portal In,传送门入口,The-Powder-Toy/The-Powder-Toy,109,109,SC_SPECIAL,solid,true,,official-locked,implemented,source-verified,false,PRTI,src/simulation/elements/PRTI.cpp,bff38ce6959e1c1a7a4d17d0d5d44d127a0dfcbd,Portal IN. Particles go in here. Also has temperature dependent channels. (same as WIFI),"传送门入口,可以传送物质和电脉冲,和WIFI相似,通过改变自身温度可以产生不同频道",GPL-3.0-only,
DEFAULT_PT_PRTO,PRTO,Portal Out,传送门出口,The-Powder-Toy/The-Powder-Toy,110,110,SC_SPECIAL,solid,true,,official-locked,implemented,source-verified,false,PRTO,src/simulation/elements/PRTO.cpp,bff38ce6959e1c1a7a4d17d0d5d44d127a0dfcbd,Portal OUT. Particles come out here. Also has temperature dependent channels. (same as WIFI),"传送门出口,和传送门入口(PRTI)配套,物质从这里出来,形成正压力",GPL-3.0-only,
DEFAULT_PT_PSTE,PSTE,Paste,浆糊,The-Powder-Toy/The-Powder-Toy,111,111,SC_LIQUID,liquid,true,,official-locked,implemented,source-verified,false,PSTE,src/simulation/elements/PSTE.cpp,bff38ce6959e1c1a7a4d17d0d5d44d127a0dfcbd,"Colloid, Hardens under pressure.","浆糊,胶体,在压力下变硬,高温下变成砖块",GPL-3.0-only,
DEFAULT_PT_PSTS,PSTS,Solid Paste,固态浆糊,The-Powder-Toy/The-Powder-Toy,112,112,SC_SOLIDS,solid,true,,official-locked,implemented,source-verified,false,PSTS,src/simulation/elements/PSTS.cpp,bff38ce6959e1c1a7a4d17d0d5d44d127a0dfcbd,Solid form of PSTE.,液体浆糊,GPL-3.0-only,
DEFAULT_PT_ANAR,ANAR,Anti-Air Dust,反引力尘,The-Powder-Toy/The-Powder-Toy,113,113,SC_POWDERS,powder,true,,official-locked,implemented,source-verified,false,ANAR,src/simulation/elements/ANAR.cpp,bff38ce6959e1c1a7a4d17d0d5d44d127a0dfcbd,Anti-air. Very light gravity-defying dust. Burns cold instead of hot.,"反引力尘,十分轻的粉尘,遵循相反的引力/压力/速度/温度定律",GPL-3.0-only,
DEFAULT_PT_VINE,VINE,Vine,藤蔓,The-Powder-Toy/The-Powder-Toy,114,114,SC_SOLIDS,solid,true,,official-locked,implemented,source-verified,false,VINE,src/simulation/elements/VINE.cpp,bff38ce6959e1c1a7a4d17d0d5d44d127a0dfcbd,"Vine, can grow along WOOD.","藤蔓,吸水生长,中心部分是PLNT",GPL-3.0-only,
DEFAULT_PT_INVIS,INVS,Invisible,隐形物质,The-Powder-Toy/The-Powder-Toy,115,115,SC_SENSOR,solid,true,,official-locked,implemented,source-verified,false,INVIS,src/simulation/elements/INVIS.cpp,bff38ce6959e1c1a7a4d17d0d5d44d127a0dfcbd,"Invisible under pressure, allowing particles through.","虚无,当施加压力时隐形",GPL-3.0-only,
DEFAULT_PT_116,EQVE,Equal Velocity,等速粒子,The-Powder-Toy/The-Powder-Toy,116,116,SC_SPECIAL,powder,true,,official-locked,implemented,source-verified,false,E116,src/simulation/elements/E116.cpp,bff38ce6959e1c1a7a4d17d0d5d44d127a0dfcbd,A failed shared velocity test.,失败的共享速度测试,GPL-3.0-only,
DEFAULT_PT_SPAWN2,SPWN2,Stickman 2 Spawn,火柴人 2 出生点,The-Powder-Toy/The-Powder-Toy,117,117,SC_SOLIDS,solid,true,,official-locked,implemented,source-verified,false,SPAWN2,src/simulation/elements/SPAWN2.cpp,bff38ce6959e1c1a7a4d17d0d5d44d127a0dfcbd,STK2 spawn point.,STKM2 出生点,GPL-3.0-only,
DEFAULT_PT_SPAWN,SPWN,Stickman Spawn,火柴人出生点,The-Powder-Toy/The-Powder-Toy,118,118,SC_SOLIDS,solid,true,,official-locked,implemented,source-verified,false,SPAWN,src/simulation/elements/SPAWN.cpp,bff38ce6959e1c1a7a4d17d0d5d44d127a0dfcbd,STKM spawn point.,STKM 出生点,GPL-3.0-only,
DEFAULT_PT_SHLD1,SHLD,Shield Level 1,一级护盾,The-Powder-Toy/The-Powder-Toy,119,119,SC_SOLIDS,solid,true,,official-locked,implemented,source-verified,false,SHLD1,src/simulation/elements/SHLD1.cpp,bff38ce6959e1c1a7a4d17d0d5d44d127a0dfcbd,"Shield. Grows around spark, broken by pressure.","自修复膜,通电时会自动生长出保护膜",GPL-3.0-only,
DEFAULT_PT_SHLD2,SHD2,Shield Level 2,二级护盾,The-Powder-Toy/The-Powder-Toy,120,120,SC_SOLIDS,solid,true,,official-locked,implemented,source-verified,false,SHLD2,src/simulation/elements/SHLD2.cpp,bff38ce6959e1c1a7a4d17d0d5d44d127a0dfcbd,Shield lvl 2.,"自修复膜 Lv.2,通电时会自动生长出保护膜",GPL-3.0-only,
DEFAULT_PT_SHLD3,SHD3,Shield Level 3,三级护盾,The-Powder-Toy/The-Powder-Toy,121,121,SC_SOLIDS,solid,true,,official-locked,implemented,source-verified,false,SHLD3,src/simulation/elements/SHLD3.cpp,bff38ce6959e1c1a7a4d17d0d5d44d127a0dfcbd,Shield lvl 3.,"自修复膜 Lv.3,通电时会自动生长出保护膜",GPL-3.0-only,
DEFAULT_PT_SHLD4,SHD4,Shield Level 4,四级护盾,The-Powder-Toy/The-Powder-Toy,122,122,SC_SOLIDS,solid,true,,official-locked,implemented,source-verified,false,SHLD4,src/simulation/elements/SHLD4.cpp,bff38ce6959e1c1a7a4d17d0d5d44d127a0dfcbd,Shield lvl 4.,"自修复膜 Lv.4,通电时会自动生长出保护膜",GPL-3.0-only,
DEFAULT_PT_LOLZ,LOLZ,LOLZ,大笑图案,The-Powder-Toy/The-Powder-Toy,123,123,SC_SPECIAL,solid,true,,official-locked,implemented,source-verified,false,LOLZ,src/simulation/elements/LOLZ.cpp,bff38ce6959e1c1a7a4d17d0d5d44d127a0dfcbd,Lolz,"大声笑,不要怀疑,这货就是来搞笑的",GPL-3.0-only,
DEFAULT_PT_WIFI,WIFI,Wi-Fi,无线传输器,The-Powder-Toy/The-Powder-Toy,124,124,SC_ELEC,solid,true,,official-locked,implemented,source-verified,false,WIFI,src/simulation/elements/WIFI.cpp,bff38ce6959e1c1a7a4d17d0d5d44d127a0dfcbd,"Wireless transmitter, transfers spark to any other wifi on the same temperature channel.","WI-FI,无线转移电脉冲可使用大多数导电物质输入电脉冲(除了N型硅)只能由N型硅P型硅INWR输出电脉冲",GPL-3.0-only,
DEFAULT_PT_FILT,FILT,Filter,滤镜,The-Powder-Toy/The-Powder-Toy,125,125,SC_SOLIDS,solid,true,,official-locked,implemented,source-verified,false,FILT,src/simulation/elements/FILT.cpp,bff38ce6959e1c1a7a4d17d0d5d44d127a0dfcbd,Filter. Changes color of PHOT and BIZR. Color depends on temperature.,"滤镜,能改变通过光子的颜色",GPL-3.0-only,
DEFAULT_PT_ARAY,ARAY,A-Ray Emitter,A 射线发射器,The-Powder-Toy/The-Powder-Toy,126,126,SC_ELEC,solid,true,,official-locked,implemented,source-verified,false,ARAY,src/simulation/elements/ARAY.cpp,bff38ce6959e1c1a7a4d17d0d5d44d127a0dfcbd,Ray Emitter. Rays create points when they collide.,"A射线发射器,射线碰撞时产生BRAY",GPL-3.0-only,
DEFAULT_PT_BRAY,BRAY,Beam Ray,射线点,The-Powder-Toy/The-Powder-Toy,127,127,SC_ELEC,solid,true,,official-locked,implemented,source-verified,false,BRAY,src/simulation/elements/BRAY.cpp,bff38ce6959e1c1a7a4d17d0d5d44d127a0dfcbd,Ray Point. Rays create points when they collide.,"BRAY,A射线发射器射线碰撞产物",GPL-3.0-only,
DEFAULT_PT_STKM2,STK2,Stickman 2,火柴人 2,The-Powder-Toy/The-Powder-Toy,128,128,SC_SPECIAL,special,true,,official-locked,implemented,source-verified,false,STKM2,src/simulation/elements/STKM2.cpp,bff38ce6959e1c1a7a4d17d0d5d44d127a0dfcbd,Second stickman. Don't kill him! Control with wasd.,"火柴人,受重力和压力影响,使用WSAD来控制其运动,其余和STKM相同",GPL-3.0-only,
DEFAULT_PT_BOMB,BOMB,Bomb,炸弹,The-Powder-Toy/The-Powder-Toy,129,129,SC_EXPLOSIVE,powder,true,,official-locked,implemented,source-verified,false,BOMB,src/simulation/elements/BOMB.cpp,bff38ce6959e1c1a7a4d17d0d5d44d127a0dfcbd,Bomb. Explodes and destroys all surrounding particles when it touches something.,"炸药,爆炸并摧毁周围的所有粒子",GPL-3.0-only,
DEFAULT_PT_C5,C-5,C-5,C-5 冷冻炸药,The-Powder-Toy/The-Powder-Toy,130,130,SC_EXPLOSIVE,solid,true,,official-locked,implemented,source-verified,false,C5,src/simulation/elements/C5.cpp,bff38ce6959e1c1a7a4d17d0d5d44d127a0dfcbd,"Cold explosive, set off by anything cold.","C5低温炸弹,任何寒冷的物质都能引爆",GPL-3.0-only,
DEFAULT_PT_SING,SING,Singularity,奇点,The-Powder-Toy/The-Powder-Toy,131,131,SC_NUCLEAR,powder,true,,official-locked,implemented,source-verified,false,SING,src/simulation/elements/SING.cpp,bff38ce6959e1c1a7a4d17d0d5d44d127a0dfcbd,Singularity. Creates huge amounts of negative pressure and destroys everything.,"奇点,会产生超低压的粉末,可以破坏其它物质,本质上是粉末状的黑洞",GPL-3.0-only,
DEFAULT_PT_QRTZ,QRTZ,Quartz,石英,The-Powder-Toy/The-Powder-Toy,132,132,SC_SOLIDS,solid,true,,official-locked,implemented,source-verified,false,QRTZ,src/simulation/elements/QRTZ.cpp,bff38ce6959e1c1a7a4d17d0d5d44d127a0dfcbd,"Quartz, breakable mineral. Conducts but becomes brittle when cold. Scatters photons.","石英,接近绝对零度时会变得很脆并碎裂成PQRT,允许一部分PHOT通过并散射掉另一部分",GPL-3.0-only,
DEFAULT_PT_PQRT,PQRT,Powdered Quartz,石英粉,The-Powder-Toy/The-Powder-Toy,133,133,SC_POWDERS,powder,true,,official-locked,implemented,source-verified,false,PQRT,src/simulation/elements/PQRT.cpp,bff38ce6959e1c1a7a4d17d0d5d44d127a0dfcbd,"Powdered quartz, broken form of QRTZ.","石英砂,可以熔化,QRTZ的破碎形式",GPL-3.0-only,
DEFAULT_PT_EMP,EMP,Electromagnetic Pulse,电磁脉冲,The-Powder-Toy/The-Powder-Toy,134,134,SC_ELEC,solid,true,,official-locked,implemented,source-verified,false,EMP,src/simulation/elements/EMP.cpp,bff38ce6959e1c1a7a4d17d0d5d44d127a0dfcbd,Electromagnetic pulse. Breaks activated electronics.,"电磁脉冲武器,会随机摧毁所有正在工作(通电)的电子产品",GPL-3.0-only,
DEFAULT_PT_BREC,BREL,Broken Electronics,破损电子元件,The-Powder-Toy/The-Powder-Toy,135,135,SC_POWDERS,powder,true,,official-locked,implemented,source-verified,false,BREC,src/simulation/elements/BREC.cpp,bff38ce6959e1c1a7a4d17d0d5d44d127a0dfcbd,"Broken electronics. Formed from EMP blasts, and when constantly sparked while under pressure, turns to EXOT.","破碎的电子元件,在压力下变成EXOT",GPL-3.0-only,
DEFAULT_PT_ELEC,ELEC,Electron,电子,The-Powder-Toy/The-Powder-Toy,136,136,SC_NUCLEAR,energy,true,,official-locked,implemented,source-verified,false,ELEC,src/simulation/elements/ELEC.cpp,bff38ce6959e1c1a7a4d17d0d5d44d127a0dfcbd,"Electrons. Sparks electronics, reacts with NEUT and WATR.","电子,与中子(NEUT)和水反应",GPL-3.0-only,
DEFAULT_PT_ACEL,ACEL,Accelerator,加速器,The-Powder-Toy/The-Powder-Toy,137,137,SC_FORCE,solid,true,,official-locked,implemented,source-verified,false,ACEL,src/simulation/elements/ACEL.cpp,bff38ce6959e1c1a7a4d17d0d5d44d127a0dfcbd,"Accelerator, speeds up nearby elements.","加速器,加速附近元素",GPL-3.0-only,
DEFAULT_PT_DCEL,DCEL,Decelerator,减速器,The-Powder-Toy/The-Powder-Toy,138,138,SC_FORCE,solid,true,,official-locked,implemented,source-verified,false,DCEL,src/simulation/elements/DCEL.cpp,bff38ce6959e1c1a7a4d17d0d5d44d127a0dfcbd,"Decelerator, slows down nearby elements.","减速器,使能量粒子减速",GPL-3.0-only,
DEFAULT_PT_BANG,TNT,TNT,TNT 炸药,The-Powder-Toy/The-Powder-Toy,139,139,SC_EXPLOSIVE,solid,true,,official-locked,implemented,source-verified,false,BANG,src/simulation/elements/BANG.cpp,bff38ce6959e1c1a7a4d17d0d5d44d127a0dfcbd,"TNT, explodes all at once.","TNT,瞬间爆炸",GPL-3.0-only,
DEFAULT_PT_IGNT,IGNC,Ignition Cord,点火索,The-Powder-Toy/The-Powder-Toy,140,140,SC_EXPLOSIVE,solid,true,,official-locked,implemented,source-verified,false,IGNT,src/simulation/elements/IGNT.cpp,bff38ce6959e1c1a7a4d17d0d5d44d127a0dfcbd,Ignition cord. Burns slowly with fire and sparks.,"导火索,电脉冲或者明火或者达到燃烧点都能点燃它",GPL-3.0-only,
DEFAULT_PT_BOYL,BOYL,Boyle Gas,波义耳气体,The-Powder-Toy/The-Powder-Toy,141,141,SC_GAS,gas,true,,official-locked,implemented,source-verified,false,BOYL,src/simulation/elements/BOYL.cpp,bff38ce6959e1c1a7a4d17d0d5d44d127a0dfcbd,"Boyle, variable pressure gas. Expands when heated.","波义耳气(,不可燃气体,热胀冷缩",GPL-3.0-only,
DEFAULT_PT_GEL,GEL,Gel,凝胶,The-Powder-Toy/The-Powder-Toy,142,142,SC_LIQUID,liquid,true,,official-locked,implemented,source-verified,false,GEL,src/simulation/elements/GEL.cpp,bff38ce6959e1c1a7a4d17d0d5d44d127a0dfcbd,A liquid with variable viscosity and heat conductivity. Absorbs water.,"胶体,吸收水分之后颜色会变深,变得不那么粘稠而且导热系数会增加",GPL-3.0-only,
DEFAULT_PT_TRON,TRON,Tron,智能粒子,The-Powder-Toy/The-Powder-Toy,143,143,SC_SPECIAL,solid,true,,official-locked,implemented,source-verified,false,TRON,src/simulation/elements/TRON.cpp,bff38ce6959e1c1a7a4d17d0d5d44d127a0dfcbd,"Smart particles, Travels in straight lines and avoids obstacles. Grows with time.","智能微粒,绝对零度的粒子,会智能躲避障碍随时间流逝尾巴会变长,可用于降温",GPL-3.0-only,
DEFAULT_PT_TTAN,TTAN,Titanium,钛,The-Powder-Toy/The-Powder-Toy,144,144,SC_SOLIDS,solid,true,,official-locked,implemented,source-verified,false,TTAN,src/simulation/elements/TTAN.cpp,bff38ce6959e1c1a7a4d17d0d5d44d127a0dfcbd,"Titanium. Higher melting temperature than most other metals, blocks all air pressure.","钛,金属固体坚固的材料熔点很高能导电,会吸收中子",GPL-3.0-only,
DEFAULT_PT_EXOT,EXOT,Exotic Matter,奇异物质,The-Powder-Toy/The-Powder-Toy,145,145,SC_NUCLEAR,liquid,true,,official-locked,implemented,source-verified,false,EXOT,src/simulation/elements/EXOT.cpp,bff38ce6959e1c1a7a4d17d0d5d44d127a0dfcbd,Exotic matter. Explodes with excess exposure to electrons. Has many other odd reactions.,"奇异物质,在电子的轰击下会发出彩虹色的光并产生压力",GPL-3.0-only,
RESERVED_PT_146,----,Reserved Slot 146,保留槽位 146,The-Powder-Toy/The-Powder-Toy,146,146,RESERVED,reserved,false,,reserved-slot,reserved,lock-verified,false,disabler(),,bff38ce6959e1c1a7a4d17d0d5d44d127a0dfcbd,Reserved official element slot; never reuse this numeric ID.,官方保留元素槽位；不得重新使用此数字 ID。,GPL-3.0-only,Tombstone mapped to Meson disabler(); preserves save-ID continuity.
DEFAULT_PT_EMBR,EMBR,Ember,火花,The-Powder-Toy/The-Powder-Toy,147,147,SC_EXPLOSIVE,powder,true,,official-locked,implemented,source-verified,false,EMBR,src/simulation/elements/EMBR.cpp,bff38ce6959e1c1a7a4d17d0d5d44d127a0dfcbd,Sparks. Formed by explosions.,"火花,炸药爆炸产生",GPL-3.0-only,
DEFAULT_PT_H2,HYGN,Hydrogen,氢气,The-Powder-Toy/The-Powder-Toy,148,148,SC_GAS,gas,true,,official-locked,implemented,source-verified,false,H2,src/simulation/elements/H2.cpp,bff38ce6959e1c1a7a4d17d0d5d44d127a0dfcbd,Hydrogen. Combusts with OXYG to make WATR. Undergoes fusion at high temperature and pressure.,"氢气,与氧气燃烧产生水,在高温高压下发生聚变",GPL-3.0-only,
DEFAULT_PT_SOAP,SOAP,Soap,肥皂,The-Powder-Toy/The-Powder-Toy,149,149,SC_LIQUID,liquid,true,,official-locked,implemented,source-verified,false,SOAP,src/simulation/elements/SOAP.cpp,bff38ce6959e1c1a7a4d17d0d5d44d127a0dfcbd,"Soap. Creates bubbles, washes off deco color, and cures virus.","肥皂,0.5P时产生肥皂泡可以洗去染色肥皂泡在-25℃/248.15k时会凝固",GPL-3.0-only,
DEFAULT_PT_NBHL,BHOL,Black Hole,黑洞,The-Powder-Toy/The-Powder-Toy,150,150,SC_SPECIAL,solid,true,,official-locked,implemented,source-verified,false,NBHL,src/simulation/elements/NBHL.cpp,bff38ce6959e1c1a7a4d17d0d5d44d127a0dfcbd,"Black hole, sucks in particles using gravity. (Requires Newtonian gravity)","黑洞,使用需开启牛顿万有引力,产生引力吸入物质并升温",GPL-3.0-only,
DEFAULT_PT_NWHL,WHOL,White Hole,白洞,The-Powder-Toy/The-Powder-Toy,151,151,SC_SPECIAL,solid,true,,official-locked,implemented,source-verified,false,NWHL,src/simulation/elements/NWHL.cpp,bff38ce6959e1c1a7a4d17d0d5d44d127a0dfcbd,"White hole, pushes away other particles with gravity. (Requires Newtonian gravity)","白洞,使用需开启牛顿万有引力,产生斥力排斥物质",GPL-3.0-only,
DEFAULT_PT_MERC,MERC,Mercury,汞,The-Powder-Toy/The-Powder-Toy,152,152,SC_LIQUID,liquid,true,,official-locked,implemented,source-verified,false,MERC,src/simulation/elements/MERC.cpp,bff38ce6959e1c1a7a4d17d0d5d44d127a0dfcbd,"Mercury. Volume changes with temperature, Conductive.","水银,体积随温度变化,可以导电",GPL-3.0-only,
DEFAULT_PT_PBCN,PBCN,Powered Breakable Clone,可控可破坏复制体,The-Powder-Toy/The-Powder-Toy,153,153,SC_POWERED,solid,true,,official-locked,implemented,source-verified,false,PBCN,src/simulation/elements/PBCN.cpp,bff38ce6959e1c1a7a4d17d0d5d44d127a0dfcbd,Powered breakable clone.,"可控可破坏复制体,激活时和可破坏复制体相同",GPL-3.0-only,
DEFAULT_PT_GPMP,GPMP,Gravity Pump,引力泵,The-Powder-Toy/The-Powder-Toy,154,154,SC_POWERED,solid,true,,official-locked,implemented,source-verified,false,GPMP,src/simulation/elements/GPMP.cpp,bff38ce6959e1c1a7a4d17d0d5d44d127a0dfcbd,Gravity pump. Changes gravity to its temp when activated. (use HEAT/COOL),"引力泵,激活时改变其万有引力为自身温度值",GPL-3.0-only,
DEFAULT_PT_CLST,CLST,Clay Dust,黏土粉,The-Powder-Toy/The-Powder-Toy,155,155,SC_POWDERS,powder,true,,official-locked,implemented,source-verified,false,CLST,src/simulation/elements/CLST.cpp,bff38ce6959e1c1a7a4d17d0d5d44d127a0dfcbd,Clay dust. Produces paste when mixed with water.,"粘土砂,和水结合时产生浆糊(PSTE)",GPL-3.0-only,
DEFAULT_PT_WIRE,WWLD,WireWorld Wire,WireWorld 导线,The-Powder-Toy/The-Powder-Toy,156,156,SC_ELEC,solid,true,,official-locked,implemented,source-verified,false,WIRE,src/simulation/elements/WIRE.cpp,bff38ce6959e1c1a7a4d17d0d5d44d127a0dfcbd,"WireWorld wires, conducts based on a set of GOL-like rules.","WireWorld线,一种基于另一个名为WireWorld游戏的固体导电元素",GPL-3.0-only,
DEFAULT_PT_GBMB,GBMB,Gravity Bomb,引力炸弹,The-Powder-Toy/The-Powder-Toy,157,157,SC_FORCE,powder,true,,official-locked,implemented,source-verified,false,GBMB,src/simulation/elements/GBMB.cpp,bff38ce6959e1c1a7a4d17d0d5d44d127a0dfcbd,Gravity bomb. Sticks to the first object it touches then produces a strong gravity push.,"引力炸弹,黏在接触的第一个物体上,产生强大的引力推力",GPL-3.0-only,
DEFAULT_PT_FIGH,FIGH,Fighter,格斗者,The-Powder-Toy/The-Powder-Toy,158,158,SC_SPECIAL,special,true,,official-locked,implemented,source-verified,false,FIGH,src/simulation/elements/FIGH.cpp,bff38ce6959e1c1a7a4d17d0d5d44d127a0dfcbd,Fighter. Tries to kill stickmen. You must first give it an element to kill him with.,"打手,电脑控制的小人,会通过喷东西来杀死火柴人",GPL-3.0-only,
DEFAULT_PT_FRAY,FRAY,Force Ray Emitter,力射线发射器,The-Powder-Toy/The-Powder-Toy,159,159,SC_FORCE,solid,true,,official-locked,implemented,source-verified,false,FRAY,src/simulation/elements/FRAY.cpp,bff38ce6959e1c1a7a4d17d0d5d44d127a0dfcbd,Force Emitter. Pushes or pulls objects based on its temperature. Use like ARAY.,"F射线发射器,会沿着电流方向寻找物质并施加力(与ARAY的方向判定规则一样)",GPL-3.0-only,
DEFAULT_PT_RPEL,RPEL,Repeller,力场极,The-Powder-Toy/The-Powder-Toy,160,160,SC_FORCE,solid,true,,official-locked,implemented,source-verified,false,RPEL,src/simulation/elements/RPEL.cpp,bff38ce6959e1c1a7a4d17d0d5d44d127a0dfcbd,Repels or attracts particles based on its temperature.,"反射极,无需通电,和FRAY一样,根据温度来吸引或推开物质",GPL-3.0-only,
DEFAULT_PT_PPIP,PPIP,Powered Pipe,可控动力管,The-Powder-Toy/The-Powder-Toy,161,161,SC_POWERED,solid,true,,official-locked,implemented,source-verified,false,PPIP,src/simulation/elements/PPIP.cpp,bff38ce6959e1c1a7a4d17d0d5d44d127a0dfcbd,"Powered version of PIPE, use PSCN/NSCN to Activate/Deactivate.","可控动力管,P型硅激活时运输,用N型硅则会停止运输,用超导线会反方向运输",GPL-3.0-only,
DEFAULT_PT_DTEC,DTEC,Detector,探测器,The-Powder-Toy/The-Powder-Toy,162,162,SC_SENSOR,solid,true,,official-locked,implemented,source-verified,false,DTEC,src/simulation/elements/DTEC.cpp,bff38ce6959e1c1a7a4d17d0d5d44d127a0dfcbd,"Detector, creates a spark when something with its ctype is nearby.","探测器,有相同的物质与之接触时产生电脉冲",GPL-3.0-only,
DEFAULT_PT_DMG,DMG,Damage Particle,冲击粒子,The-Powder-Toy/The-Powder-Toy,163,163,SC_FORCE,powder,true,,official-locked,implemented,source-verified,false,DMG,src/simulation/elements/DMG.cpp,bff38ce6959e1c1a7a4d17d0d5d44d127a0dfcbd,Generates damaging pressure and breaks any elements it hits.,"重力炸弹,对碰到它的物质表面产生一个破坏性的压力",GPL-3.0-only,
DEFAULT_PT_TSNS,TSNS,Temperature Sensor,温度传感器,The-Powder-Toy/The-Powder-Toy,164,164,SC_SENSOR,solid,true,,official-locked,implemented,source-verified,false,TSNS,src/simulation/elements/TSNS.cpp,bff38ce6959e1c1a7a4d17d0d5d44d127a0dfcbd,"Temperature sensor, creates a spark when there's a nearby particle with a greater temperature.","温度传感器,可以用HEAT/COOL来改变自身温度,当周围有温度比它高的物质时会发出电脉冲",GPL-3.0-only,
DEFAULT_PT_VIBR,VIBR,Vibranium,振金,The-Powder-Toy/The-Powder-Toy,165,165,SC_NUCLEAR,solid,true,,official-locked,implemented,source-verified,false,VIBR,src/simulation/elements/VIBR.cpp,bff38ce6959e1c1a7a4d17d0d5d44d127a0dfcbd,Vibranium. Stores energy and releases it in violent explosions.,"振金,可以储存能量在猛烈的爆炸中释放出来",GPL-3.0-only,
DEFAULT_PT_BVBR,BVBR,Broken Vibranium,振金粉,The-Powder-Toy/The-Powder-Toy,166,166,SC_NUCLEAR,powder,true,,official-locked,implemented,source-verified,false,BVBR,src/simulation/elements/BVBR.cpp,bff38ce6959e1c1a7a4d17d0d5d44d127a0dfcbd,Broken vibranium.,"振金粉,粉末状的振金",GPL-3.0-only,
DEFAULT_PT_CRAY,CRAY,Creator Ray,粒子射线发射器,The-Powder-Toy/The-Powder-Toy,167,167,SC_ELEC,solid,true,,official-locked,implemented,source-verified,false,CRAY,src/simulation/elements/CRAY.cpp,bff38ce6959e1c1a7a4d17d0d5d44d127a0dfcbd,"Particle Ray Emitter. Creates a beam of particles set by its ctype, with a range set by tmp.","物质射线发射器,发射一个由其Ctype设置的粒子束,其范围由Tmp设置",GPL-3.0-only,
DEFAULT_PT_PSTN,PSTN,Piston,活塞,The-Powder-Toy/The-Powder-Toy,168,168,SC_FORCE,solid,true,,official-locked,implemented,source-verified,false,PSTN,src/simulation/elements/PSTN.cpp,bff38ce6959e1c1a7a4d17d0d5d44d127a0dfcbd,"Piston, pushes particles. PSCN extends, NSCN retracts","活塞,用PSCN激活时变长",GPL-3.0-only,
DEFAULT_PT_FRME,FRME,Frame,支架,The-Powder-Toy/The-Powder-Toy,169,169,SC_FORCE,solid,true,,official-locked,implemented,source-verified,false,FRME,src/simulation/elements/FRME.cpp,bff38ce6959e1c1a7a4d17d0d5d44d127a0dfcbd,"Frame, can be used with pistons to push many particles.","支架,用于增加活塞一次性推动物质的数量",GPL-3.0-only,
DEFAULT_PT_GOLD,GOLD,Gold,金,The-Powder-Toy/The-Powder-Toy,170,170,SC_SOLIDS,solid,true,,official-locked,implemented,source-verified,false,GOLD,src/simulation/elements/GOLD.cpp,bff38ce6959e1c1a7a4d17d0d5d44d127a0dfcbd,"Corrosion resistant metal, will reverse corrosion of iron. Excellent conductor.","金,抗腐蚀(但通电时会受到酸的腐蚀),可以保护铁免受腐蚀",GPL-3.0-only,
DEFAULT_PT_TUNG,TUNG,Tungsten,钨,The-Powder-Toy/The-Powder-Toy,171,171,SC_ELEC,solid,true,,official-locked,implemented,source-verified,false,TUNG,src/simulation/elements/TUNG.cpp,bff38ce6959e1c1a7a4d17d0d5d44d127a0dfcbd,Tungsten. Brittle metal with a very high melting point.,"钨,脆性金属具有很高的熔点,但不耐压",GPL-3.0-only,
DEFAULT_PT_PSNS,PSNS,Pressure Sensor,压力传感器,The-Powder-Toy/The-Powder-Toy,172,172,SC_SENSOR,solid,true,,official-locked,implemented,source-verified,false,PSNS,src/simulation/elements/PSNS.cpp,bff38ce6959e1c1a7a4d17d0d5d44d127a0dfcbd,"Pressure sensor, creates a spark when the pressure is greater than its temperature.","压力传感器,压力高于其温度时产生火花。",GPL-3.0-only,
DEFAULT_PT_PROT,PROT,Proton,质子,The-Powder-Toy/The-Powder-Toy,173,173,SC_NUCLEAR,energy,true,,official-locked,implemented,source-verified,false,PROT,src/simulation/elements/PROT.cpp,bff38ce6959e1c1a7a4d17d0d5d44d127a0dfcbd,"Protons. Transfer heat to materials, and remove sparks.","质子,不能穿透绝缘体,虚空,钻石,振金以及墙会清除碰到电脉冲",GPL-3.0-only,
DEFAULT_PT_VIRS,VIRS,Virus,病毒,The-Powder-Toy/The-Powder-Toy,174,174,SC_LIQUID,liquid,true,,official-locked,implemented,source-verified,false,VIRS,src/simulation/elements/VIRS.cpp,bff38ce6959e1c1a7a4d17d0d5d44d127a0dfcbd,Virus. Turns everything it touches into virus.,"病毒,会将其碰触到的所有物质变成VIRS",GPL-3.0-only,
DEFAULT_PT_VRSS,VRSS,Solid Virus,固态病毒,The-Powder-Toy/The-Powder-Toy,175,175,SC_SOLIDS,solid,true,,official-locked,implemented,source-verified,false,VRSS,src/simulation/elements/VRSS.cpp,bff38ce6959e1c1a7a4d17d0d5d44d127a0dfcbd,Solid Virus. Turns everything it touches into virus.,"病毒块,会将其碰触到的所有物质变成VIRS",GPL-3.0-only,
DEFAULT_PT_VRSG,VRSG,Gas Virus,气态病毒,The-Powder-Toy/The-Powder-Toy,176,176,SC_GAS,gas,true,,official-locked,implemented,source-verified,false,VRSG,src/simulation/elements/VRSG.cpp,bff38ce6959e1c1a7a4d17d0d5d44d127a0dfcbd,Gas Virus. Turns everything it touches into virus.,"病毒气,会将其碰触到的所有物质变成VIRS",GPL-3.0-only,
DEFAULT_PT_GRVT,GRVT,Graviton,引力子,The-Powder-Toy/The-Powder-Toy,177,177,SC_NUCLEAR,energy,true,,official-locked,implemented,source-verified,false,GRVT,src/simulation/elements/GRVT.cpp,bff38ce6959e1c1a7a4d17d0d5d44d127a0dfcbd,Gravitons. Create Newtonian Gravity.,引力子，会在周围产生额外的牛顿引力场。,GPL-3.0-only,
DEFAULT_PT_DRAY,DRAY,Duplicator Ray,复制射线,The-Powder-Toy/The-Powder-Toy,178,178,SC_ELEC,solid,true,,official-locked,implemented,source-verified,false,DRAY,src/simulation/elements/DRAY.cpp,bff38ce6959e1c1a7a4d17d0d5d44d127a0dfcbd,Duplicator ray. Replicates a line of particles in front of it.,"D射线发射器,会将沿电流方向对前方的所有粒子",GPL-3.0-only,
DEFAULT_PT_CRMC,CRMC,Ceramic,陶瓷,The-Powder-Toy/The-Powder-Toy,179,179,SC_SOLIDS,solid,true,,official-locked,implemented,source-verified,false,CRMC,src/simulation/elements/CRMC.cpp,bff38ce6959e1c1a7a4d17d0d5d44d127a0dfcbd,Ceramic. Gets stronger under pressure.,"陶瓷,受压时熔点增加",GPL-3.0-only,
DEFAULT_PT_HEAC,HEAC,Rapid Heat Conductor,高速导热体,The-Powder-Toy/The-Powder-Toy,180,180,SC_SOLIDS,solid,true,,official-locked,implemented,source-verified,false,HEAC,src/simulation/elements/HEAC.cpp,bff38ce6959e1c1a7a4d17d0d5d44d127a0dfcbd,Rapid heat conductor.,"导热体,导热速度比任何其他材料都快",GPL-3.0-only,
DEFAULT_PT_SAWD,SAWD,Sawdust,锯末,The-Powder-Toy/The-Powder-Toy,181,181,SC_POWDERS,powder,true,,official-locked,implemented,source-verified,false,SAWD,src/simulation/elements/SAWD.cpp,bff38ce6959e1c1a7a4d17d0d5d44d127a0dfcbd,Sawdust. Floats on water.,"锯末,轻粉末,可以漂浮在水面上",GPL-3.0-only,
DEFAULT_PT_POLO,POLO,Polonium,钋,The-Powder-Toy/The-Powder-Toy,182,182,SC_NUCLEAR,powder,true,,official-locked,implemented,source-verified,false,POLO,src/simulation/elements/POLO.cpp,bff38ce6959e1c1a7a4d17d0d5d44d127a0dfcbd,"Polonium, highly radioactive. Decays into NEUT and heats up.","钋,高放射性,衰变成NEUT并升温",GPL-3.0-only,
DEFAULT_PT_RFRG,RFRG,Refrigerant Gas,气态制冷剂,The-Powder-Toy/The-Powder-Toy,183,183,SC_GAS,gas,true,,official-locked,implemented,source-verified,false,RFRG,src/simulation/elements/RFRG.cpp,bff38ce6959e1c1a7a4d17d0d5d44d127a0dfcbd,Refrigerant. Heats up and liquefies under pressure.,"制冷剂,一种淡蓝色气体,在2P或更大压力下液化时加热,反之蒸发时冷却",GPL-3.0-only,
DEFAULT_PT_RFGL,RFGL,Liquid Refrigerant,液态制冷剂,The-Powder-Toy/The-Powder-Toy,184,184,SC_LIQUID,liquid,true,,official-locked,implemented,source-verified,false,RFGL,src/simulation/elements/RFGL.cpp,bff38ce6959e1c1a7a4d17d0d5d44d127a0dfcbd,Liquid refrigerant.,液态制冷剂,GPL-3.0-only,
DEFAULT_PT_LSNS,LSNS,Life Sensor,生命值传感器,The-Powder-Toy/The-Powder-Toy,185,185,SC_SENSOR,solid,true,,official-locked,implemented,source-verified,false,LSNS,src/simulation/elements/LSNS.cpp,bff38ce6959e1c1a7a4d17d0d5d44d127a0dfcbd,"Life sensor, creates a spark when there's a nearby particle with a life higher than its temperature.","生命探测器,当其周围元素Life值高于传感器温度时,产生电流",GPL-3.0-only,
DEFAULT_PT_LDTC,LDTC,Linear Detector,线性探测器,The-Powder-Toy/The-Powder-Toy,186,186,SC_SENSOR,solid,true,,official-locked,implemented,source-verified,false,LDTC,src/simulation/elements/LDTC.cpp,bff38ce6959e1c1a7a4d17d0d5d44d127a0dfcbd,Linear detector. Scans in 8 directions for particles with its ctype and creates a spark on the opposite side.,"线性探测器,从8个方向检测粒子,并在相反方向激发导体",GPL-3.0-only,
DEFAULT_PT_SLCN,SLCN,Silicon Powder,硅粉,The-Powder-Toy/The-Powder-Toy,187,187,SC_POWDERS,powder,true,,official-locked,implemented,source-verified,false,SLCN,src/simulation/elements/SLCN.cpp,bff38ce6959e1c1a7a4d17d0d5d44d127a0dfcbd,Powdered Silicon. A key ingredient in producing multiple materials.,"硅粉,一种非常闪亮的粉末,像黄金一样导电",GPL-3.0-only,
DEFAULT_PT_PTNM,PTNM,Platinum,铂,The-Powder-Toy/The-Powder-Toy,188,188,SC_SOLIDS,solid,true,,official-locked,implemented,source-verified,false,PTNM,src/simulation/elements/PTNM.cpp,bff38ce6959e1c1a7a4d17d0d5d44d127a0dfcbd,Platinum. Catalyzes certain reactions.,"铂,可以催化某些反应",GPL-3.0-only,
DEFAULT_PT_VSNS,VSNS,Velocity Sensor,速度传感器,The-Powder-Toy/The-Powder-Toy,189,189,SC_SENSOR,solid,true,,official-locked,implemented,source-verified,false,VSNS,src/simulation/elements/VSNS.cpp,bff38ce6959e1c1a7a4d17d0d5d44d127a0dfcbd,"Velocity sensor, creates a spark when there's a nearby particle with velocity higher than its temperature.","速度探测器,当速度高于传感器温度的粒子在附近时,会生成电脉冲",GPL-3.0-only,
DEFAULT_PT_ROCK,ROCK,Rock,岩石,The-Powder-Toy/The-Powder-Toy,190,190,SC_SOLIDS,solid,true,,official-locked,implemented,source-verified,false,ROCK,src/simulation/elements/ROCK.cpp,bff38ce6959e1c1a7a4d17d0d5d44d127a0dfcbd,"Solid, melts into various elements.","岩石,坚固的材料,CNCT可以堆叠在它上面",GPL-3.0-only,
DEFAULT_PT_LITH,LITH,Lithium,锂,The-Powder-Toy/The-Powder-Toy,191,191,SC_EXPLOSIVE,powder,true,,official-locked,implemented,source-verified,false,LITH,src/simulation/elements/LITH.cpp,bff38ce6959e1c1a7a4d17d0d5d44d127a0dfcbd,Lithium. Reactive element that explodes on contact with water.,"锂,与水接触会发生爆炸,可用于制造电池",GPL-3.0-only,
DEFAULT_PT_RSST,RSST,Resist,光刻胶,The-Powder-Toy/The-Powder-Toy,192,192,SC_LIQUID,liquid,true,,official-locked,implemented,source-verified,false,RSST,src/simulation/elements/RSST.cpp,bff38ce6959e1c1a7a4d17d0d5d44d127a0dfcbd,"Resist. Solidifies on contact with photons, is destroyed by electrons and spark.","光刻胶,遇PHOT固化,会被ELEC和SPRK破坏",GPL-3.0-only,
DEFAULT_PT_RSSS,RSSS,Solid Resist,固化光刻胶,The-Powder-Toy/The-Powder-Toy,193,193,SC_SOLIDS,solid,true,,official-locked,implemented,source-verified,false,RSSS,src/simulation/elements/RSSS.cpp,bff38ce6959e1c1a7a4d17d0d5d44d127a0dfcbd,Solidified resist. Blocks pressure and insulates electricity. Liquefies on contact with neutrons.,"固化光刻胶,绝缘,遇NEUT液化,且会反射PHOT",GPL-3.0-only,
DEFAULT_PT_BASE,BASE,Base,碱液,The-Powder-Toy/The-Powder-Toy,194,194,SC_LIQUID,liquid,true,,official-locked,implemented,source-verified,false,BASE,src/simulation/elements/BASE.cpp,bff38ce6959e1c1a7a4d17d0d5d44d127a0dfcbd,Caustic base. Corrodes conductive solids and neutralizes acids.,强腐蚀性碱液，会腐蚀导电固体并中和酸。,GPL-3.0-only,
DEFAULT_PT_SEED,SEED,Seed,种子,The-Powder-Toy/The-Powder-Toy,195,195,SC_POWDERS,powder,true,,official-locked,implemented,source-verified,false,SEED,src/simulation/elements/SEED.cpp,bff38ce6959e1c1a7a4d17d0d5d44d127a0dfcbd,Seeds. Put on sand and add water to grow a tree.,"种子,放在沙子上时浇水会生长树木",GPL-3.0-only,
RESERVED_PT_196,----,Reserved Slot 196,保留槽位 196,TPT-ZH-OmniPack/reserved,196,196,RESERVED,reserved,false,,reserved-slot,reserved,lock-verified,false,disabler(),,f28cdcb734c6829ae2f69ca10245d494704a8164,Stable ID 196 is reserved and has no selectable element.,稳定 ID 196 为保留槽位，当前没有可选择元素。,GPL-3.0-only,Reserved compatibility gap; never reuse without an explicit migration.
RESERVED_PT_197,----,Reserved Slot 197,保留槽位 197,TPT-ZH-OmniPack/reserved,197,197,RESERVED,reserved,false,,reserved-slot,reserved,lock-verified,false,disabler(),,f28cdcb734c6829ae2f69ca10245d494704a8164,Stable ID 197 is reserved and has no selectable element.,稳定 ID 197 为保留槽位，当前没有可选择元素。,GPL-3.0-only,Reserved compatibility gap; never reuse without an explicit migration.
RESERVED_PT_198,----,Reserved Slot 198,保留槽位 198,TPT-ZH-OmniPack/reserved,198,198,RESERVED,reserved,false,,reserved-slot,reserved,lock-verified,false,disabler(),,f28cdcb734c6829ae2f69ca10245d494704a8164,Stable ID 198 is reserved and has no selectable element.,稳定 ID 198 为保留槽位，当前没有可选择元素。,GPL-3.0-only,Reserved compatibility gap; never reuse without an explicit migration.
RESERVED_PT_199,----,Reserved Slot 199,保留槽位 199,TPT-ZH-OmniPack/reserved,199,199,RESERVED,reserved,false,,reserved-slot,reserved,lock-verified,false,disabler(),,f28cdcb734c6829ae2f69ca10245d494704a8164,Stable ID 199 is reserved and has no selectable element.,稳定 ID 199 为保留槽位，当前没有可选择元素。,GPL-3.0-only,Reserved compatibility gap; never reuse without an explicit migration.
RESERVED_PT_200,----,Reserved Slot 200,保留槽位 200,TPT-ZH-OmniPack/reserved,200,200,RESERVED,reserved,false,,reserved-slot,reserved,lock-verified,false,disabler(),,f28cdcb734c6829ae2f69ca10245d494704a8164,Stable ID 200 is reserved and has no selectable element.,稳定 ID 200 为保留槽位，当前没有可选择元素。,GPL-3.0-only,Reserved compatibility gap; never reuse without an explicit migration.
RESERVED_PT_201,----,Reserved Slot 201,保留槽位 201,TPT-ZH-OmniPack/reserved,201,201,RESERVED,reserved,false,,reserved-slot,reserved,lock-verified,false,disabler(),,f28cdcb734c6829ae2f69ca10245d494704a8164,Stable ID 201 is reserved and has no selectable element.,稳定 ID 201 为保留槽位，当前没有可选择元素。,GPL-3.0-only,Reserved compatibility gap; never reuse without an explicit migration.
RESERVED_PT_202,----,Reserved Slot 202,保留槽位 202,TPT-ZH-OmniPack/reserved,202,202,RESERVED,reserved,false,,reserved-slot,reserved,lock-verified,false,disabler(),,f28cdcb734c6829ae2f69ca10245d494704a8164,Stable ID 202 is reserved and has no selectable element.,稳定 ID 202 为保留槽位，当前没有可选择元素。,GPL-3.0-only,Reserved compatibility gap; never reuse without an explicit migration.
RESERVED_PT_203,----,Reserved Slot 203,保留槽位 203,TPT-ZH-OmniPack/reserved,203,203,RESERVED,reserved,false,,reserved-slot,reserved,lock-verified,false,disabler(),,f28cdcb734c6829ae2f69ca10245d494704a8164,Stable ID 203 is reserved and has no selectable element.,稳定 ID 203 为保留槽位，当前没有可选择元素。,GPL-3.0-only,Reserved compatibility gap; never reuse without an explicit migration.
RESERVED_PT_204,----,Reserved Slot 204,保留槽位 204,TPT-ZH-OmniPack/reserved,204,204,RESERVED,reserved,false,,reserved-slot,reserved,lock-verified,false,disabler(),,f28cdcb734c6829ae2f69ca10245d494704a8164,Stable ID 204 is reserved and has no selectable element.,稳定 ID 204 为保留槽位，当前没有可选择元素。,GPL-3.0-only,Reserved compatibility gap; never reuse without an explicit migration.
RESERVED_PT_205,----,Reserved Slot 205,保留槽位 205,TPT-ZH-OmniPack/reserved,205,205,RESERVED,reserved,false,,reserved-slot,reserved,lock-verified,false,disabler(),,f28cdcb734c6829ae2f69ca10245d494704a8164,Stable ID 205 is reserved and has no selectable element.,稳定 ID 205 为保留槽位，当前没有可选择元素。,GPL-3.0-only,Reserved compatibility gap; never reuse without an explicit migration.
RESERVED_PT_206,----,Reserved Slot 206,保留槽位 206,TPT-ZH-OmniPack/reserved,206,206,RESERVED,reserved,false,,reserved-slot,reserved,lock-verified,false,disabler(),,f28cdcb734c6829ae2f69ca10245d494704a8164,Stable ID 206 is reserved and has no selectable element.,稳定 ID 206 为保留槽位，当前没有可选择元素。,GPL-3.0-only,Reserved compatibility gap; never reuse without an explicit migration.
RESERVED_PT_207,----,Reserved Slot 207,保留槽位 207,TPT-ZH-OmniPack/reserved,207,207,RESERVED,reserved,false,,reserved-slot,reserved,lock-verified,false,disabler(),,f28cdcb734c6829ae2f69ca10245d494704a8164,Stable ID 207 is reserved and has no selectable element.,稳定 ID 207 为保留槽位，当前没有可选择元素。,GPL-3.0-only,Reserved compatibility gap; never reuse without an explicit migration.
RESERVED_PT_208,----,Reserved Slot 208,保留槽位 208,TPT-ZH-OmniPack/reserved,208,208,RESERVED,reserved,false,,reserved-slot,reserved,lock-verified,false,disabler(),,f28cdcb734c6829ae2f69ca10245d494704a8164,Stable ID 208 is reserved and has no selectable element.,稳定 ID 208 为保留槽位，当前没有可选择元素。,GPL-3.0-only,Reserved compatibility gap; never reuse without an explicit migration.
RESERVED_PT_209,----,Reserved Slot 209,保留槽位 209,TPT-ZH-OmniPack/reserved,209,209,RESERVED,reserved,false,,reserved-slot,reserved,lock-verified,false,disabler(),,f28cdcb734c6829ae2f69ca10245d494704a8164,Stable ID 209 is reserved and has no selectable element.,稳定 ID 209 为保留槽位，当前没有可选择元素。,GPL-3.0-only,Reserved compatibility gap; never reuse without an explicit migration.
RESERVED_PT_210,----,Reserved Slot 210,保留槽位 210,TPT-ZH-OmniPack/reserved,210,210,RESERVED,reserved,false,,reserved-slot,reserved,lock-verified,false,disabler(),,f28cdcb734c6829ae2f69ca10245d494704a8164,Stable ID 210 is reserved and has no selectable element.,稳定 ID 210 为保留槽位，当前没有可选择元素。,GPL-3.0-only,Reserved compatibility gap; never reuse without an explicit migration.
RESERVED_PT_211,----,Reserved Slot 211,保留槽位 211,TPT-ZH-OmniPack/reserved,211,211,RESERVED,reserved,false,,reserved-slot,reserved,lock-verified,false,disabler(),,f28cdcb734c6829ae2f69ca10245d494704a8164,Stable ID 211 is reserved and has no selectable element.,稳定 ID 211 为保留槽位，当前没有可选择元素。,GPL-3.0-only,Reserved compatibility gap; never reuse without an explicit migration.
RESERVED_PT_212,----,Reserved Slot 212,保留槽位 212,TPT-ZH-OmniPack/reserved,212,212,RESERVED,reserved,false,,reserved-slot,reserved,lock-verified,false,disabler(),,f28cdcb734c6829ae2f69ca10245d494704a8164,Stable ID 212 is reserved and has no selectable element.,稳定 ID 212 为保留槽位，当前没有可选择元素。,GPL-3.0-only,Reserved compatibility gap; never reuse without an explicit migration.
RESERVED_PT_213,----,Reserved Slot 213,保留槽位 213,TPT-ZH-OmniPack/reserved,213,213,RESERVED,reserved,false,,reserved-slot,reserved,lock-verified,false,disabler(),,f28cdcb734c6829ae2f69ca10245d494704a8164,Stable ID 213 is reserved and has no selectable element.,稳定 ID 213 为保留槽位，当前没有可选择元素。,GPL-3.0-only,Reserved compatibility gap; never reuse without an explicit migration.
RESERVED_PT_214,----,Reserved Slot 214,保留槽位 214,TPT-ZH-OmniPack/reserved,214,214,RESERVED,reserved,false,,reserved-slot,reserved,lock-verified,false,disabler(),,f28cdcb734c6829ae2f69ca10245d494704a8164,Stable ID 214 is reserved and has no selectable element.,稳定 ID 214 为保留槽位，当前没有可选择元素。,GPL-3.0-only,Reserved compatibility gap; never reuse without an explicit migration.
RESERVED_PT_215,----,Reserved Slot 215,保留槽位 215,TPT-ZH-OmniPack/reserved,215,215,RESERVED,reserved,false,,reserved-slot,reserved,lock-verified,false,disabler(),,f28cdcb734c6829ae2f69ca10245d494704a8164,Stable ID 215 is reserved and has no selectable element.,稳定 ID 215 为保留槽位，当前没有可选择元素。,GPL-3.0-only,Reserved compatibility gap; never reuse without an explicit migration.
RESERVED_PT_216,----,Reserved Slot 216,保留槽位 216,TPT-ZH-OmniPack/reserved,216,216,RESERVED,reserved,false,,reserved-slot,reserved,lock-verified,false,disabler(),,f28cdcb734c6829ae2f69ca10245d494704a8164,Stable ID 216 is reserved and has no selectable element.,稳定 ID 216 为保留槽位，当前没有可选择元素。,GPL-3.0-only,Reserved compatibility gap; never reuse without an explicit migration.
RESERVED_PT_217,----,Reserved Slot 217,保留槽位 217,TPT-ZH-OmniPack/reserved,217,217,RESERVED,reserved,false,,reserved-slot,reserved,lock-verified,false,disabler(),,f28cdcb734c6829ae2f69ca10245d494704a8164,Stable ID 217 is reserved and has no selectable element.,稳定 ID 217 为保留槽位，当前没有可选择元素。,GPL-3.0-only,Reserved compatibility gap; never reuse without an explicit migration.
RESERVED_PT_218,----,Reserved Slot 218,保留槽位 218,TPT-ZH-OmniPack/reserved,218,218,RESERVED,reserved,false,,reserved-slot,reserved,lock-verified,false,disabler(),,f28cdcb734c6829ae2f69ca10245d494704a8164,Stable ID 218 is reserved and has no selectable element.,稳定 ID 218 为保留槽位，当前没有可选择元素。,GPL-3.0-only,Reserved compatibility gap; never reuse without an explicit migration.
RESERVED_PT_219,----,Reserved Slot 219,保留槽位 219,TPT-ZH-OmniPack/reserved,219,219,RESERVED,reserved,false,,reserved-slot,reserved,lock-verified,false,disabler(),,f28cdcb734c6829ae2f69ca10245d494704a8164,Stable ID 219 is reserved and has no selectable element.,稳定 ID 219 为保留槽位，当前没有可选择元素。,GPL-3.0-only,Reserved compatibility gap; never reuse without an explicit migration.
RESERVED_PT_220,----,Reserved Slot 220,保留槽位 220,TPT-ZH-OmniPack/reserved,220,220,RESERVED,reserved,false,,reserved-slot,reserved,lock-verified,false,disabler(),,f28cdcb734c6829ae2f69ca10245d494704a8164,Stable ID 220 is reserved and has no selectable element.,稳定 ID 220 为保留槽位，当前没有可选择元素。,GPL-3.0-only,Reserved compatibility gap; never reuse without an explicit migration.
RESERVED_PT_221,----,Reserved Slot 221,保留槽位 221,TPT-ZH-OmniPack/reserved,221,221,RESERVED,reserved,false,,reserved-slot,reserved,lock-verified,false,disabler(),,f28cdcb734c6829ae2f69ca10245d494704a8164,Stable ID 221 is reserved and has no selectable element.,稳定 ID 221 为保留槽位，当前没有可选择元素。,GPL-3.0-only,Reserved compatibility gap; never reuse without an explicit migration.
RESERVED_PT_222,----,Reserved Slot 222,保留槽位 222,TPT-ZH-OmniPack/reserved,222,222,RESERVED,reserved,false,,reserved-slot,reserved,lock-verified,false,disabler(),,f28cdcb734c6829ae2f69ca10245d494704a8164,Stable ID 222 is reserved and has no selectable element.,稳定 ID 222 为保留槽位，当前没有可选择元素。,GPL-3.0-only,Reserved compatibility gap; never reuse without an explicit migration.
RESERVED_PT_223,----,Reserved Slot 223,保留槽位 223,TPT-ZH-OmniPack/reserved,223,223,RESERVED,reserved,false,,reserved-slot,reserved,lock-verified,false,disabler(),,f28cdcb734c6829ae2f69ca10245d494704a8164,Stable ID 223 is reserved and has no selectable element.,稳定 ID 223 为保留槽位，当前没有可选择元素。,GPL-3.0-only,Reserved compatibility gap; never reuse without an explicit migration.
RESERVED_PT_224,----,Reserved Slot 224,保留槽位 224,TPT-ZH-OmniPack/reserved,224,224,RESERVED,reserved,false,,reserved-slot,reserved,lock-verified,false,disabler(),,f28cdcb734c6829ae2f69ca10245d494704a8164,Stable ID 224 is reserved and has no selectable element.,稳定 ID 224 为保留槽位，当前没有可选择元素。,GPL-3.0-only,Reserved compatibility gap; never reuse without an explicit migration.
RESERVED_PT_225,----,Reserved Slot 225,保留槽位 225,TPT-ZH-OmniPack/reserved,225,225,RESERVED,reserved,false,,reserved-slot,reserved,lock-verified,false,disabler(),,f28cdcb734c6829ae2f69ca10245d494704a8164,Stable ID 225 is reserved and has no selectable element.,稳定 ID 225 为保留槽位，当前没有可选择元素。,GPL-3.0-only,Reserved compatibility gap; never reuse without an explicit migration.
RESERVED_PT_226,----,Reserved Slot 226,保留槽位 226,TPT-ZH-OmniPack/reserved,226,226,RESERVED,reserved,false,,reserved-slot,reserved,lock-verified,false,disabler(),,f28cdcb734c6829ae2f69ca10245d494704a8164,Stable ID 226 is reserved and has no selectable element.,稳定 ID 226 为保留槽位，当前没有可选择元素。,GPL-3.0-only,Reserved compatibility gap; never reuse without an explicit migration.
RESERVED_PT_227,----,Reserved Slot 227,保留槽位 227,TPT-ZH-OmniPack/reserved,227,227,RESERVED,reserved,false,,reserved-slot,reserved,lock-verified,false,disabler(),,f28cdcb734c6829ae2f69ca10245d494704a8164,Stable ID 227 is reserved and has no selectable element.,稳定 ID 227 为保留槽位，当前没有可选择元素。,GPL-3.0-only,Reserved compatibility gap; never reuse without an explicit migration.
RESERVED_PT_228,----,Reserved Slot 228,保留槽位 228,TPT-ZH-OmniPack/reserved,228,228,RESERVED,reserved,false,,reserved-slot,reserved,lock-verified,false,disabler(),,f28cdcb734c6829ae2f69ca10245d494704a8164,Stable ID 228 is reserved and has no selectable element.,稳定 ID 228 为保留槽位，当前没有可选择元素。,GPL-3.0-only,Reserved compatibility gap; never reuse without an explicit migration.
RESERVED_PT_229,----,Reserved Slot 229,保留槽位 229,TPT-ZH-OmniPack/reserved,229,229,RESERVED,reserved,false,,reserved-slot,reserved,lock-verified,false,disabler(),,f28cdcb734c6829ae2f69ca10245d494704a8164,Stable ID 229 is reserved and has no selectable element.,稳定 ID 229 为保留槽位，当前没有可选择元素。,GPL-3.0-only,Reserved compatibility gap; never reuse without an explicit migration.
RESERVED_PT_230,----,Reserved Slot 230,保留槽位 230,TPT-ZH-OmniPack/reserved,230,230,RESERVED,reserved,false,,reserved-slot,reserved,lock-verified,false,disabler(),,f28cdcb734c6829ae2f69ca10245d494704a8164,Stable ID 230 is reserved and has no selectable element.,稳定 ID 230 为保留槽位，当前没有可选择元素。,GPL-3.0-only,Reserved compatibility gap; never reuse without an explicit migration.
RESERVED_PT_231,----,Reserved Slot 231,保留槽位 231,TPT-ZH-OmniPack/reserved,231,231,RESERVED,reserved,false,,reserved-slot,reserved,lock-verified,false,disabler(),,f28cdcb734c6829ae2f69ca10245d494704a8164,Stable ID 231 is reserved and has no selectable element.,稳定 ID 231 为保留槽位，当前没有可选择元素。,GPL-3.0-only,Reserved compatibility gap; never reuse without an explicit migration.
RESERVED_PT_232,----,Reserved Slot 232,保留槽位 232,TPT-ZH-OmniPack/reserved,232,232,RESERVED,reserved,false,,reserved-slot,reserved,lock-verified,false,disabler(),,f28cdcb734c6829ae2f69ca10245d494704a8164,Stable ID 232 is reserved and has no selectable element.,稳定 ID 232 为保留槽位，当前没有可选择元素。,GPL-3.0-only,Reserved compatibility gap; never reuse without an explicit migration.
RESERVED_PT_233,----,Reserved Slot 233,保留槽位 233,TPT-ZH-OmniPack/reserved,233,233,RESERVED,reserved,false,,reserved-slot,reserved,lock-verified,false,disabler(),,f28cdcb734c6829ae2f69ca10245d494704a8164,Stable ID 233 is reserved and has no selectable element.,稳定 ID 233 为保留槽位，当前没有可选择元素。,GPL-3.0-only,Reserved compatibility gap; never reuse without an explicit migration.
RESERVED_PT_234,----,Reserved Slot 234,保留槽位 234,TPT-ZH-OmniPack/reserved,234,234,RESERVED,reserved,false,,reserved-slot,reserved,lock-verified,false,disabler(),,f28cdcb734c6829ae2f69ca10245d494704a8164,Stable ID 234 is reserved and has no selectable element.,稳定 ID 234 为保留槽位，当前没有可选择元素。,GPL-3.0-only,Reserved compatibility gap; never reuse without an explicit migration.
RESERVED_PT_235,----,Reserved Slot 235,保留槽位 235,TPT-ZH-OmniPack/reserved,235,235,RESERVED,reserved,false,,reserved-slot,reserved,lock-verified,false,disabler(),,f28cdcb734c6829ae2f69ca10245d494704a8164,Stable ID 235 is reserved and has no selectable element.,稳定 ID 235 为保留槽位，当前没有可选择元素。,GPL-3.0-only,Reserved compatibility gap; never reuse without an explicit migration.
RESERVED_PT_236,----,Reserved Slot 236,保留槽位 236,TPT-ZH-OmniPack/reserved,236,236,RESERVED,reserved,false,,reserved-slot,reserved,lock-verified,false,disabler(),,f28cdcb734c6829ae2f69ca10245d494704a8164,Stable ID 236 is reserved and has no selectable element.,稳定 ID 236 为保留槽位，当前没有可选择元素。,GPL-3.0-only,Reserved compatibility gap; never reuse without an explicit migration.
RESERVED_PT_237,----,Reserved Slot 237,保留槽位 237,TPT-ZH-OmniPack/reserved,237,237,RESERVED,reserved,false,,reserved-slot,reserved,lock-verified,false,disabler(),,f28cdcb734c6829ae2f69ca10245d494704a8164,Stable ID 237 is reserved and has no selectable element.,稳定 ID 237 为保留槽位，当前没有可选择元素。,GPL-3.0-only,Reserved compatibility gap; never reuse without an explicit migration.
RESERVED_PT_238,----,Reserved Slot 238,保留槽位 238,TPT-ZH-OmniPack/reserved,238,238,RESERVED,reserved,false,,reserved-slot,reserved,lock-verified,false,disabler(),,f28cdcb734c6829ae2f69ca10245d494704a8164,Stable ID 238 is reserved and has no selectable element.,稳定 ID 238 为保留槽位，当前没有可选择元素。,GPL-3.0-only,Reserved compatibility gap; never reuse without an explicit migration.
RESERVED_PT_239,----,Reserved Slot 239,保留槽位 239,TPT-ZH-OmniPack/reserved,239,239,RESERVED,reserved,false,,reserved-slot,reserved,lock-verified,false,disabler(),,f28cdcb734c6829ae2f69ca10245d494704a8164,Stable ID 239 is reserved and has no selectable element.,稳定 ID 239 为保留槽位，当前没有可选择元素。,GPL-3.0-only,Reserved compatibility gap; never reuse without an explicit migration.
RESERVED_PT_240,----,Reserved Slot 240,保留槽位 240,TPT-ZH-OmniPack/reserved,240,240,RESERVED,reserved,false,,reserved-slot,reserved,lock-verified,false,disabler(),,f28cdcb734c6829ae2f69ca10245d494704a8164,Stable ID 240 is reserved and has no selectable element.,稳定 ID 240 为保留槽位，当前没有可选择元素。,GPL-3.0-only,Reserved compatibility gap; never reuse without an explicit migration.
RESERVED_PT_241,----,Reserved Slot 241,保留槽位 241,TPT-ZH-OmniPack/reserved,241,241,RESERVED,reserved,false,,reserved-slot,reserved,lock-verified,false,disabler(),,f28cdcb734c6829ae2f69ca10245d494704a8164,Stable ID 241 is reserved and has no selectable element.,稳定 ID 241 为保留槽位，当前没有可选择元素。,GPL-3.0-only,Reserved compatibility gap; never reuse without an explicit migration.
RESERVED_PT_242,----,Reserved Slot 242,保留槽位 242,TPT-ZH-OmniPack/reserved,242,242,RESERVED,reserved,false,,reserved-slot,reserved,lock-verified,false,disabler(),,f28cdcb734c6829ae2f69ca10245d494704a8164,Stable ID 242 is reserved and has no selectable element.,稳定 ID 242 为保留槽位，当前没有可选择元素。,GPL-3.0-only,Reserved compatibility gap; never reuse without an explicit migration.
RESERVED_PT_243,----,Reserved Slot 243,保留槽位 243,TPT-ZH-OmniPack/reserved,243,243,RESERVED,reserved,false,,reserved-slot,reserved,lock-verified,false,disabler(),,f28cdcb734c6829ae2f69ca10245d494704a8164,Stable ID 243 is reserved and has no selectable element.,稳定 ID 243 为保留槽位，当前没有可选择元素。,GPL-3.0-only,Reserved compatibility gap; never reuse without an explicit migration.
RESERVED_PT_244,----,Reserved Slot 244,保留槽位 244,TPT-ZH-OmniPack/reserved,244,244,RESERVED,reserved,false,,reserved-slot,reserved,lock-verified,false,disabler(),,f28cdcb734c6829ae2f69ca10245d494704a8164,Stable ID 244 is reserved and has no selectable element.,稳定 ID 244 为保留槽位，当前没有可选择元素。,GPL-3.0-only,Reserved compatibility gap; never reuse without an explicit migration.
RESERVED_PT_245,----,Reserved Slot 245,保留槽位 245,TPT-ZH-OmniPack/reserved,245,245,RESERVED,reserved,false,,reserved-slot,reserved,lock-verified,false,disabler(),,f28cdcb734c6829ae2f69ca10245d494704a8164,Stable ID 245 is reserved and has no selectable element.,稳定 ID 245 为保留槽位，当前没有可选择元素。,GPL-3.0-only,Reserved compatibility gap; never reuse without an explicit migration.
RESERVED_PT_246,----,Reserved Slot 246,保留槽位 246,TPT-ZH-OmniPack/reserved,246,246,RESERVED,reserved,false,,reserved-slot,reserved,lock-verified,false,disabler(),,f28cdcb734c6829ae2f69ca10245d494704a8164,Stable ID 246 is reserved and has no selectable element.,稳定 ID 246 为保留槽位，当前没有可选择元素。,GPL-3.0-only,Reserved compatibility gap; never reuse without an explicit migration.
RESERVED_PT_247,----,Reserved Slot 247,保留槽位 247,TPT-ZH-OmniPack/reserved,247,247,RESERVED,reserved,false,,reserved-slot,reserved,lock-verified,false,disabler(),,f28cdcb734c6829ae2f69ca10245d494704a8164,Stable ID 247 is reserved and has no selectable element.,稳定 ID 247 为保留槽位，当前没有可选择元素。,GPL-3.0-only,Reserved compatibility gap; never reuse without an explicit migration.
RESERVED_PT_248,----,Reserved Slot 248,保留槽位 248,TPT-ZH-OmniPack/reserved,248,248,RESERVED,reserved,false,,reserved-slot,reserved,lock-verified,false,disabler(),,f28cdcb734c6829ae2f69ca10245d494704a8164,Stable ID 248 is reserved and has no selectable element.,稳定 ID 248 为保留槽位，当前没有可选择元素。,GPL-3.0-only,Reserved compatibility gap; never reuse without an explicit migration.
RESERVED_PT_249,----,Reserved Slot 249,保留槽位 249,TPT-ZH-OmniPack/reserved,249,249,RESERVED,reserved,false,,reserved-slot,reserved,lock-verified,false,disabler(),,f28cdcb734c6829ae2f69ca10245d494704a8164,Stable ID 249 is reserved and has no selectable element.,稳定 ID 249 为保留槽位，当前没有可选择元素。,GPL-3.0-only,Reserved compatibility gap; never reuse without an explicit migration.
RESERVED_PT_250,----,Reserved Slot 250,保留槽位 250,TPT-ZH-OmniPack/reserved,250,250,RESERVED,reserved,false,,reserved-slot,reserved,lock-verified,false,disabler(),,f28cdcb734c6829ae2f69ca10245d494704a8164,Stable ID 250 is reserved and has no selectable element.,稳定 ID 250 为保留槽位，当前没有可选择元素。,GPL-3.0-only,Reserved compatibility gap; never reuse without an explicit migration.
RESERVED_PT_251,----,Reserved Slot 251,保留槽位 251,TPT-ZH-OmniPack/reserved,251,251,RESERVED,reserved,false,,reserved-slot,reserved,lock-verified,false,disabler(),,f28cdcb734c6829ae2f69ca10245d494704a8164,Stable ID 251 is reserved and has no selectable element.,稳定 ID 251 为保留槽位，当前没有可选择元素。,GPL-3.0-only,Reserved compatibility gap; never reuse without an explicit migration.
RESERVED_PT_252,----,Reserved Slot 252,保留槽位 252,TPT-ZH-OmniPack/reserved,252,252,RESERVED,reserved,false,,reserved-slot,reserved,lock-verified,false,disabler(),,f28cdcb734c6829ae2f69ca10245d494704a8164,Stable ID 252 is reserved and has no selectable element.,稳定 ID 252 为保留槽位，当前没有可选择元素。,GPL-3.0-only,Reserved compatibility gap; never reuse without an explicit migration.
RESERVED_PT_253,----,Reserved Slot 253,保留槽位 253,TPT-ZH-OmniPack/reserved,253,253,RESERVED,reserved,false,,reserved-slot,reserved,lock-verified,false,disabler(),,f28cdcb734c6829ae2f69ca10245d494704a8164,Stable ID 253 is reserved and has no selectable element.,稳定 ID 253 为保留槽位，当前没有可选择元素。,GPL-3.0-only,Reserved compatibility gap; never reuse without an explicit migration.
RESERVED_PT_254,----,Reserved Slot 254,保留槽位 254,TPT-ZH-OmniPack/reserved,254,254,RESERVED,reserved,false,,reserved-slot,reserved,lock-verified,false,disabler(),,f28cdcb734c6829ae2f69ca10245d494704a8164,Stable ID 254 is reserved and has no selectable element.,稳定 ID 254 为保留槽位，当前没有可选择元素。,GPL-3.0-only,Reserved compatibility gap; never reuse without an explicit migration.
RESERVED_PT_255,----,Reserved Slot 255,保留槽位 255,TPT-ZH-OmniPack/reserved,255,255,RESERVED,reserved,false,,reserved-slot,reserved,lock-verified,false,disabler(),,f28cdcb734c6829ae2f69ca10245d494704a8164,Stable ID 255 is reserved and has no selectable element.,稳定 ID 255 为保留槽位，当前没有可选择元素。,GPL-3.0-only,Reserved compatibility gap; never reuse without an explicit migration.
