mod_id,mod_name,author,forum_url,repository_url,download_url,source_type,license,license_verified,base_tpt_version,default_branch,source_commit,last_commit_date,archived,buildable,element_count_claimed,element_count_detected,lua_script_count,core_files_modified,save_format_modified,network_code_modified,ui_modified,known_bugs,source_complete,binary_only,port_priority,audit_status,notes
dragonrster,dragonrster,Dragonrster,,https://github.com/Dragonrster/The-Powder-Toy-Chinese,,unavailable,unknown,false,unknown,unknown,,,not_tested,not_tested,not_tested,0,0,not_tested,not_tested,not_tested,not_tested,not_reviewed,false,false,0,not_cloned,translation baseline not a content source
official,The-Powder-Toy,The-Powder-Toy,,https://github.com/The-Powder-Toy/The-Powder-Toy.git,,mixed_source,GPL-3.0,true,1.0.8-elusive,master,a5b12b71937b74e40e2e2ce4f563c8154722d773,2026-07-30T23:28:33+07:00,not_tested,not_tested,not_tested,207,1,not_tested,not_tested,not_tested,not_tested,not_reviewed,not_tested,false,0,scanned,official comparison baseline
biological_mod,TPT-Biological-Mod,sam-astro,,https://github.com/sam-astro/TPT-Biological-Mod.git,,mixed_source,GPL-3.0,true,the.cake.is.a.lie,main,284a1585db023f62a7147892526899133dd6f41c,2021-06-24T12:12:08-04:00,not_tested,not_tested,not_tested,225,1,261,true,true,true,not_reviewed,not_tested,false,1,scanned,biological elements
chem_mod_lua,chem_mod_lua,Kev_AK,https://powdertoy.co.uk/Discussions/Thread/View.html?Thread=21831,,https://pastebin.com/raw/4e6Seg7C,lua_source,unknown,false,unknown,not_applicable,sha256:C7A6A96E51141C514F2FF6DBDA11CCB0F8BBD86A399DB67C472938A374C2D243,2023-11-12,not_applicable,false,not_tested,48,1,0,false,false,not_tested,not_reviewed,true,false,1,downloaded_source,40+ chemistry script; license unknown and existing elements are overridden
chemistry_mod,The-Chemistry-Mod,Thenukeluis,,https://github.com/Thenukeluis/The-Chemistry-Mod.git,,mixed_source,GPL-3.0,true,95,master,b38a2040ac0a31bd2a9f478b7aa8a31d90132e88,2020-08-10T04:02:22+02:00,not_tested,not_tested,not_tested,197,2,290,true,true,true,not_reviewed,not_tested,false,1,scanned,periodic elements and compounds candidate
cracker1000,The-Powder-Toy,cracker1000,https://powdertoy.co.uk/Discussions/Thread/View.html?Thread=23279,https://github.com/cracker1000/The-Powder-Toy.git,,mixed_source,GPL-3.0,true,the.cake.is.a.lie,master,ebbb9aab6aef27d26517682cebbc0a07147a843a,2023-09-27T21:31:36+05:30,not_tested,not_tested,not_tested,256,5,268,true,true,true,not_reviewed,not_tested,false,1,scanned,50+ element mod
cyens_src,cyens-toy-src,cbeimers113,,https://github.com/cbeimers113/cyens-toy-src.git,,mixed_source,GPL-3.0,true,4,master,1b74504e4642cd967c0079499b57faa7f37d9668,2020-09-18T18:56:32-08:00,not_tested,not_tested,not_tested,236,1,294,true,true,true,not_reviewed,not_tested,false,1,scanned,newer science overhaul source
fun_chemicals,fun-n-kemiko,ShadyShadyAsh,,https://github.com/ShadyShadyAsh/fun-n-kemiko.git,,lua_source,unknown,false,unknown,main,78853eb4a7bc999d35963dad7080b4b374d44e18,2024-07-01T16:30:45+07:00,not_tested,false,not_tested,25,1,0,false,false,false,not_reviewed,not_tested,false,1,scanned,chemistry Lua candidate
periodic_mod,tpt-elementmod,mechai12b,,https://github.com/mechai12b/tpt-elementmod.git,,unavailable,unknown,false,unknown,main,,,not_tested,false,not_tested,0,0,not_tested,not_tested,not_tested,not_tested,not_reviewed,false,false,1,empty_repository,periodic table inspired candidate
spikeviper,The-Powder-Toy,SpikeViper,https://powdertoy.co.uk/Discussions/Thread/View.html?Thread=26571,https://github.com/SpikeViper/The-Powder-Toy.git,,mixed_source,GPL-3.0,true,the.cake.is.a.lie,master,134ebf330eda42b4b300a2b7613ede71261697df,2023-11-26T20:38:00-06:00,not_tested,not_tested,not_tested,232,1,270,true,true,true,not_reviewed,not_tested,false,1,scanned,biology mod
cyens,cyens-toy,cbeimers113,,https://github.com/cbeimers113/cyens-toy.git,,mixed_source,GPL-3.0,true,the.cake.is.a.lie,master,f01d992c97432ec1c46d84ade05131da521f355a,2022-07-21T14:22:31-04:00,not_tested,not_tested,not_tested,204,1,272,true,true,true,not_reviewed,not_tested,false,2,scanned,old science overhaul
fanmod,FanMod,Rebmiami,https://powdertoy.co.uk/Discussions/Thread/View.html?Thread=26165,https://github.com/Rebmiami/FanMod.git,,lua_source,unknown,false,unknown,master,b11eeb934773583618d9f8c220c9b06a79ca0952,2024-12-23T17:34:11-05:00,not_tested,false,not_tested,34,1,0,false,false,false,not_reviewed,not_tested,false,2,scanned,community element script including tritium and bounded UI concepts
jacob1,The-Powder-Toy,jacob1,https://powdertoy.co.uk/Discussions/Thread/View.html?Thread=11117,https://github.com/jacob1/The-Powder-Toy.git,,mixed_source,GPL-3.0,true,unknown,c++,b492616124d2346a5ec7bc70fa881fb73345396b,2026-06-29T18:03:41-04:00,not_tested,not_tested,not_tested,205,4,93,false,true,true,not_reviewed,not_tested,false,2,scanned,long-running UI and element mod
mod_archive,TPTModArchive,JS101dotgit,,https://github.com/JS101dotgit/TPTModArchive.git,,binary_only,GPL-3.0,true,unknown,main,47d671da367183e57bc672f00d516dd057265704,2023-07-05T10:21:50+01:00,not_tested,false,not_tested,0,0,0,false,false,false,not_reviewed,false,true,2,scanned,archive index and historical sources
nucular_mod,The-Powder-Toy-nuculars-mod,nucular,,https://github.com/nucular/The-Powder-Toy-nuculars-mod.git,,mixed_source,GPL-3.0,true,89,master,048080a79006c4d6668a1864a0e29758903c64bb,2014-08-06T16:14:58+02:00,not_tested,not_tested,not_tested,207,1,251,true,false,true,not_reviewed,not_tested,false,2,scanned,dead nuclear-themed source reference
plant_mod,TPT_Plantmod,Dev1475yt,,https://github.com/Dev1475yt/TPT_Plantmod.git,,lua_source,unknown,false,unknown,main,42324c66688185263872030d13362c8fa38ba5ae,2026-04-10T08:47:41-05:00,not_tested,false,not_tested,0,1,0,false,false,false,not_reviewed,not_tested,false,2,scanned,plant ecology candidate
realistic_combustibles,Wa,noideawhattonamemyacount,,https://github.com/noideawhattonamemyacount/Wa.git,,lua_source,unknown,false,unknown,main,4af86e6fb9d3d31f1d4daea6decdb34458029004,2026-06-06T13:56:05-04:00,not_tested,false,not_tested,29,4,0,false,false,false,not_reviewed,not_tested,false,2,scanned,combustibles candidate
realistic_science,realistic_science,unknown,https://powdertoy.co.uk/Discussions/Thread/View.html?Thread=15471,,,unavailable,unknown,false,unknown,unknown,,,not_tested,not_tested,not_tested,0,0,not_tested,not_tested,not_tested,not_tested,not_reviewed,false,false,2,not_cloned,historical source link; host and license require manual recovery
science_toy,The-Science-Toy,cbeimers113,,https://github.com/cbeimers113/The-Science-Toy.git,,mixed_source,unknown,false,90,master,541d44f15e04bf2c7ed5d5722421afc5f383cad6,2015-05-09T14:31:21-04:00,not_tested,false,not_tested,199,1,251,true,false,true,not_reviewed,not_tested,false,2,scanned,science oriented mod
seppo,Seppo-s-Metallurgy-Mod-SRC,SeppoTPT,,https://github.com/SeppoTPT/Seppo-s-Metallurgy-Mod-SRC.git,,mixed_source,GPL-3.0,true,95,master,c3a8dd171a1c0fefc9a386e7e069f81d91f1514f,2020-05-28T23:41:02-04:00,not_tested,not_tested,not_tested,195,2,290,true,true,true,not_reviewed,not_tested,false,2,scanned,public repository has missing element implementations
tommig_mod,tommig_mod,unknown,https://powdertoy.co.uk/Discussions/Thread/View.html?Thread=11279,,,unavailable,unknown,false,unknown,unknown,,,not_tested,not_tested,not_tested,0,0,not_tested,not_tested,not_tested,not_tested,not_reviewed,false,false,2,not_cloned,historical chemistry source links; availability and license require review
tpt_remade,tpt_remade,_Theo,https://powdertoy.co.uk/Discussions/Thread/View.html?Post=317208,,https://pastebin.com/raw/3ZBzHjy9,lua_source,unknown,false,unknown,not_applicable,sha256:5EB11BDC020DB660106521BE1D6A0AD662F0F149849D5E38BD787296324378B0,2021-01-30,not_applicable,false,not_tested,119,1,0,false,false,not_tested,not_reviewed,true,false,2,downloaded_source,historical Lua periodic-content candidate; license unknown
ultimata,TPT-Ultimata-Mod,Bowserinator,,https://github.com/Bowserinator/TPT-Ultimata-Mod.git,,mixed_source,GPL-3.0,true,the.cake.is.a.lie,development,b74971752433652c033559abea415ec3510ac433,2023-10-08T16:42:48-04:00,not_tested,not_tested,not_tested,350,5,357,true,true,true,not_reviewed,not_tested,false,2,scanned,large special physics mod
lua_mods_serg,TptMods,SergSoftwares,,https://github.com/SergSoftwares/TptMods.git,,lua_source,unknown,false,unknown,master,523d02931c868387038a8831d628cde5751dfd06,2016-05-30T18:01:42-03:00,not_tested,false,not_tested,17,2,0,false,false,false,not_reviewed,not_tested,false,3,scanned,Lua mod collection
magnet_toy,The-Magnet-Toy,T307-coder,https://powdertoy.co.uk/Discussions/Thread/View.html?Thread=27832,https://github.com/T307-coder/The-Magnet-Toy.git,,mixed_source,GPL-3.0,true,1.0.8-elusive,the-electric-magnet-toy,69f62fb7a34b8280df396e0a1b44204623a5525a,2026-06-29T20:24:21+08:00,not_tested,not_tested,not_tested,218,1,53,true,false,true,not_reviewed,not_tested,false,3,scanned,electromagnetism system; high core and performance review risk
metacircuits,metacircuits,cbeimers113,,https://github.com/cbeimers113/metacircuits.git,,mixed_source,GPL-3.0,true,95,master,bd248383973eb2accc10f1ce9807b0c050e0b7dd,2021-04-16T14:51:12-04:00,not_tested,not_tested,not_tested,208,2,300,true,true,true,not_reviewed,not_tested,false,3,scanned,logic gate system
norbs_mod,TPT-Norbs-Mod,norbcodes,,https://github.com/norbcodes/TPT-Norbs-Mod.git,,mixed_source,GPL-3.0,true,1.0.8-elusive,master,1503934b3bc78768d52cf959defd1771a6986a48,2026-05-13T16:33:50+02:00,not_tested,not_tested,not_tested,212,1,39,true,false,true,not_reviewed,not_tested,false,3,scanned,current general-purpose mod fork
powder_better,powder-toy-but-better,samsa12,,https://github.com/samsa12/powder-toy-but-better.git,,mixed_source,GPL-3.0,true,1.0.8-elusive,main,c082a639a3c68ca59b39618b2851de5afbb41e1e,2026-06-13T13:03:38+03:00,not_tested,not_tested,not_tested,211,1,18,true,false,true,not_reviewed,not_tested,false,3,scanned,new element and optimization fork
zakpack,zakpack,Zak03,,https://github.com/Zak03/Powder-toy-lua-elemant-pack-zakpack-,,unavailable,unknown,false,unknown,unknown,,,not_tested,not_tested,not_tested,0,0,not_tested,not_tested,not_tested,not_tested,not_reviewed,false,false,3,not_cloned,five Lua elements
alchemagica,alchemagica,Rebmiami,,https://github.com/Rebmiami/Alchemagica,,unavailable,unknown,false,unknown,unknown,,,not_tested,not_tested,not_tested,0,0,not_tested,not_tested,not_tested,not_tested,not_reviewed,false,false,4,not_cloned,magic theme low priority
alchemy,TPT-Alchemy,jacob1,https://powdertoy.co.uk/Discussions/Thread/View.html?Post=295857,https://github.com/jacob1/TPT-Alchemy.git,,mixed_source,GPL-3.0,true,91,master,9a593ce11536e2e683bc64a698399c0805ce77a1,2016-08-17T14:54:42+03:00,not_tested,not_tested,not_tested,187,1,255,true,false,true,not_reviewed,not_tested,false,4,scanned,progress systems rejected; reactions only may be reviewed
bmn_mod,bmn-tpt,FeynmanTech,,https://github.com/FeynmanTech/bmn-tpt.git,,mixed_source,GPL-3.0,true,90,master,419f9cff53f2dfe55ce785c7697961cda859793e,2014-10-26T15:51:41-07:00,not_tested,not_tested,not_tested,185,1,251,true,false,true,not_reviewed,not_tested,false,4,scanned,older BMN mod
dtttpt,DTTTPT,DavidTheTech,,https://github.com/DavidTheTech/DTTTPT.git,,mixed_source,GPL-3.0,true,91,master,798b958d6bab4e6460a905788fc999ac0f3bf3cf,2016-03-16T16:29:57Z,not_tested,not_tested,not_tested,203,1,250,true,false,true,not_reviewed,not_tested,false,4,scanned,older general mod
record_mod,TPT-Record-Mod,catsoften,,https://github.com/catsoften/TPT-Record-Mod.git,,mixed_source,GPL-3.0,true,the.cake.is.a.lie,master,a3a6a6543dcff48508295d1cdbc57d8c7fd0e47b,2023-05-31T02:49:08Z,not_tested,not_tested,not_tested,203,1,269,true,true,true,not_reviewed,not_tested,false,4,scanned,recording UI feature
ryan_mod,ryan_mod,Ryan-31415,,https://github.com/Ryan-31415/tptmod-ryan,,unavailable,unknown,false,unknown,unknown,,,not_tested,not_tested,not_tested,0,0,not_tested,not_tested,not_tested,not_tested,not_reviewed,false,false,4,not_cloned,general mod
temp_mod_fork,temp_mod_fork,temp-TPT-mod-1,,https://github.com/temp-TPT-mod-1/The-Powder-Toy-mod-fork,,unavailable,unknown,false,unknown,unknown,,,not_tested,not_tested,not_tested,0,0,not_tested,not_tested,not_tested,not_tested,not_reviewed,false,false,4,not_cloned,old fork
toast_mod,toast_mod,Toastfem,,https://github.com/Toastfem/The-Powder-Toy-Toast-mod,,unavailable,unknown,false,unknown,unknown,,,not_tested,not_tested,not_tested,0,0,not_tested,not_tested,not_tested,not_tested,not_reviewed,false,false,4,not_cloned,general mod
tpt_elements_editor,tpt_elements_editor,boxmein,,https://github.com/boxmein/tptelements2,,unavailable,unknown,false,unknown,unknown,,,not_tested,not_tested,not_tested,0,0,not_tested,not_tested,not_tested,not_tested,not_reviewed,false,false,4,not_cloned,MIT editor and element metadata tooling
triheron_ui,triheron_ui,Triheron,,https://github.com/Triheron/The-Powder-Toy-Triheron,,unavailable,unknown,false,unknown,unknown,,,not_tested,not_tested,not_tested,0,0,not_tested,not_tested,not_tested,not_tested,not_reviewed,false,false,4,not_cloned,archived UI mod
unproductive,The-Powder-Toy,alecnotalex,https://powdertoy.co.uk/Discussions/Thread/View.html?Thread=10803,https://github.com/alecnotalex/The-Powder-Toy.git,,cpp_source,GPL-2.0,true,unknown,master,5909d0b607b0ecd0cbf6f081cbe9ac0598a33d7a,2011-10-05T08:07:12-03:00,not_tested,false,not_tested,83,0,0,false,false,false,not_reviewed,not_tested,false,4,scanned,old low-quality element mod
yeah_mod,yeah_mod,yeah42148,,https://github.com/yeah42148/ThePowderToy,,unavailable,unknown,false,unknown,unknown,,,not_tested,not_tested,not_tested,0,0,not_tested,not_tested,not_tested,not_tested,not_reviewed,false,false,4,not_cloned,older general mod
