reaction_id,inputs,outputs,temperature,pressure,electricity,catalyst,neighborhood,probability,event_budget,side_products,failure_mode,cleanup,module,tests
metallurgy.alloy_stainless,PT_STEL{molten}*4;PT_CHRM{molten};PT_NICL{molten},PT_SSIL{molten}*6,>=2200K,any,none,none,3x3-local,deterministic,2048/frame,none,Wrong ratio or temperature leaves all inputs unchanged,Cool the molten SSIL particles to solidify them,metallurgy,tools/tests/test_metallurgy_audit.py;tools/runtime/metallurgy_regression.lua
metallurgy.alloy_tool_steel,PT_STEL{molten}*4;PT_COBT{molten};PT_MOLY{molten},PT_TSTL{molten}*6,>=2950K,any,none,none,3x3-local,deterministic,2048/frame,none,Wrong ratio or temperature leaves all inputs unchanged,Cool the molten TSTL particles to solidify them,metallurgy,tools/tests/test_metallurgy_audit.py;tools/runtime/metallurgy_regression.lua
metallurgy.alloy_bronze,PT_COPR{molten}*3;PT_TIN{molten},PT_BRNZ{molten}*4,>=1375K,any,none,none,3x3-local,deterministic,2048/frame,none,Wrong ratio or temperature leaves all inputs unchanged,Cool the molten BRNZ particles to solidify them,metallurgy,tools/tests/test_metallurgy_audit.py;tools/runtime/metallurgy_regression.lua
metallurgy.alloy_brass,PT_COPR{molten}*3;PT_ZINC{molten},PT_BRAS{molten}*4,>=1375K,any,none,none,3x3-local,deterministic,2048/frame,none,Wrong ratio or temperature leaves all inputs unchanged,Cool the molten BRAS particles to solidify them,metallurgy,tools/tests/test_metallurgy_audit.py;tools/runtime/metallurgy_regression.lua
metallurgy.alloy_nichrome,PT_NICL{molten}*4;PT_CHRM{molten},PT_NCRM{molten}*5,>=2200K,any,none,none,3x3-local,deterministic,2048/frame,none,Wrong ratio or temperature leaves all inputs unchanged,Cool the molten NCRM particles to solidify them,metallurgy,tools/tests/test_metallurgy_audit.py;tools/runtime/metallurgy_regression.lua
metallurgy.alloy_aluminium_magnesium,PT_ALUM{molten}*4;PT_MAGN{molten},PT_ALMG{molten}*5,>=950K,any,none,none,3x3-local,deterministic,2048/frame,none,Wrong ratio or temperature leaves all inputs unchanged,Cool the molten ALMG particles to solidify them,metallurgy,tools/tests/test_metallurgy_audit.py;tools/runtime/metallurgy_regression.lua
metallurgy.steelmaking,PT_IRON{molten}*4;PT_COKE;PT_FLUX{direct-or-molten},PT_STEL{molten}*4,PT_IRON>=1750K;PT_COKE>=950K;PT_FLUX>=1050K,any,none,none,3x3-local,deterministic,2048/frame,PT_CO2;PT_SLAG{direct-or-molten},Missing one required input leaves the charge unchanged,Remelt recoverable BRMT for recovery and remove CO2 and SLAG,metallurgy,tools/tests/test_metallurgy_audit.py;tools/runtime/metallurgy_regression.lua
metallurgy.pressure_scrap,PT_LEAD|PT_TIN|PT_MAGN|PT_ZINC|PT_ALUM|PT_ALMG|PT_COPR|PT_BRAS|PT_NCRM|PT_BRNZ|PT_NICL|PT_COBT|PT_CHRM|PT_STEL|PT_MOLY|PT_SSIL|PT_TSTL,PT_BRMT{ctype=source-metal/tmp4=recoverable},any,abs>=element-specific-threshold,none,none,3x3-local,deterministic,unbudgeted-local-update,none,Pressure below the per-material threshold causes no breakage,Heat recoverable BRMT above the source metal melting point to recover it,metallurgy,tools/tests/test_metallurgy_audit.py;tools/runtime/metallurgy_regression.lua
metallurgy.scrap_remelt,PT_BRMT{ctype=source-metal/tmp4=recoverable},PT_LAVA{ctype=source-metal},>=source.HighTemperature,any,none,none,3x3-local,deterministic,unbudgeted-local-update,none,Invalid ctype falls back to IRON before melting,Cool the typed LAVA to recover the source metal,metallurgy,tools/tests/test_metallurgy_audit.py;tools/runtime/metallurgy_regression.lua
metallurgy.copper_corrosion,PT_COPR;PT_O2|PT_SLTW|PT_WATR,PT_BRMT{ctype=PT_COPR/tmp4=recoverable},any,any,none,none,3x3-local,O2=1/50-if-PT_COPR>550K-or-1/350;SLTW=1/220;WATR=1/1200;100-increments,unbudgeted-local-update,PT_O2{1/4-consumed-per-oxygen-increment},Dry copper without oxygen or water does not accumulate corrosion,Remelt the recoverable BRMT to recover copper,metallurgy,tools/tests/test_metallurgy_audit.py;tools/runtime/metallurgy_regression.lua
metallurgy.magnesium_oxidation,PT_MAGN;PT_O2,PT_BRMT{ctype=PT_MAGN/tmp4=recoverable},>800K,any,none,none,3x3-local,1/12,unbudgeted-local-update,PT_FIRE{2500K},Missing oxygen or insufficient heat prevents ignition,Remelt the recoverable BRMT after extinguishing the fire,metallurgy,tools/tests/test_metallurgy_audit.py;tools/runtime/metallurgy_regression.lua
metallurgy.zinc_sacrificial_protection,PT_ZINC{required-not-consumed};PT_IRON{required-not-consumed},PT_IRON{life>=3},any,any,none,PT_ZINC,3x3-local,deterministic,unbudgeted-local-update,none,No adjacent iron leaves the protection timer unchanged,Separate ZINC from IRON to stop sacrificial protection,metallurgy,tools/tests/test_metallurgy_audit.py;tools/runtime/metallurgy_regression.lua
metallurgy.zinc_corrosion,PT_ZINC;PT_SLTW|PT_WATR,PT_BRMT{ctype=PT_ZINC/tmp4=recoverable},any,any,none,none,3x3-local,SLTW=1/90;WATR=1/500;100-increments,unbudgeted-local-update,none,Dry zinc does not accumulate corrosion,Remelt the recoverable BRMT to recover zinc,metallurgy,tools/tests/test_metallurgy_audit.py;tools/runtime/metallurgy_regression.lua
metallurgy.nichrome_resistive_heating,PT_SPRK{ctype=PT_NCRM},PT_SPRK{ctype=PT_NCRM/temperature+=12K/capped-below-melting},any,any,SPRK(ctype=PT_NCRM),PT_NCRM,self,deterministic,unbudgeted-local-update,none,No spark pulse leaves nichrome temperature unchanged,Remove electrical pulses and cool NCRM to stop heating,metallurgy,tools/tests/test_metallurgy_audit.py;tools/runtime/metallurgy_regression.lua
metallurgy.wood_charcoal,PT_WOOD;PT_CRUC{required-not-consumed},PT_CHRC,[650K;873K),any,none,none,3x3-local,deterministic,unbudgeted-local-update,none,Oxygen or an interrupted sixty-update hold resets progress,Reheat CHRC in normal combustion or retain it for steelmaking,metallurgy,tools/tests/test_metallurgy_audit.py;tools/runtime/metallurgy_regression.lua
metallurgy.coal_coke,PT_COAL;PT_CRUC{required-not-consumed},PT_COKE,>=950K,any,none,none,3x3-local,deterministic,unbudgeted-local-update,none,Oxygen or an interrupted ninety-update hold resets progress,Consume COKE in steelmaking or controlled combustion,metallurgy,tools/tests/test_metallurgy_audit.py;tools/runtime/metallurgy_regression.lua
metallurgy.radiation_shield_assembly,PT_SSIL;PT_LAVA{ctype=PT_LEAD},PT_RSHD*2,PT_SSIL>=700K;PT_LAVA>=650K,any,SPRK(ctype=PT_NCRM),none,3x3-local,deterministic,2048/frame,none,Missing molten lead active nichrome spark or the assembly temperature window leaves inputs unchanged,Cut the spark or cool below the window then reuse the two RSHD products as bounded neutron shields,metallurgy,tools/tests/test_metallurgy_audit.py;tools/runtime/metallurgy_regression.lua
biology.algae_photosynthesis,PT_NUTR;PT_WATR{required-not-consumed};PT_CO2,PT_ALGA{full-mode}|PT_HUMS{simplified-mode};PT_O2,[285K;315K],any,none,PT_ALGA,3x3-local,deterministic,1024/frame,none,Missing nutrient water or carbon dioxide prevents growth,Remove excess algae or process HUMS after oxygen production,biology,tools/tests/test_biology_audit.py;tools/runtime/biology_regression.lua
biology.mycelium_decomposition,PT_WOOD;PT_WATR,PT_HUMS;PT_NUTR,[285K;315K],any,none,PT_MYCL,3x3-local,deterministic,1024/frame,none,Missing wood or water prevents decomposition,Reuse NUTR for growth and retain HUMS as stable residue,biology,tools/tests/test_biology_audit.py;tools/runtime/biology_regression.lua
biology.spore_germination,PT_SPOR;PT_NUTR;PT_WATR{required-not-consumed},PT_MYCL;PT_MYCL{full-mode}|PT_HUMS{simplified-mode},[285K;315K],any,none,none,3x3-local,deterministic,1024/frame,none,Missing nutrient water or growth temperature prevents germination,Treat excess biomass with STER or remove stable HUMS,biology,tools/tests/test_biology_audit.py;tools/runtime/biology_regression.lua
biology.pathogen_infection,PT_ALGA|PT_MYCL,PT_PATH{full-mode}|PT_HUMS{simplified-mode},[285K;315K],any,none,PT_PATH,3x3-local,deterministic,1024/frame,none,No local algae or mycelium host prevents infection,Use STER or wet BIOF to convert PATH into HUMS,biology,tools/tests/test_biology_audit.py;tools/runtime/biology_regression.lua
biology.sterilization,PT_STER;PT_PATH,PT_HUMS*2,any,any,none,none,3x3-local,deterministic,1024/frame,none,No adjacent pathogen leaves sterilant unchanged,Remove or retain the inert HUMS treatment product,biology,tools/tests/test_biology_audit.py;tools/runtime/biology_regression.lua
biology.biofilm_filtration,PT_PATH;PT_WATR{required-not-consumed},PT_HUMS,any,any,none,PT_BIOF,3x3-local,deterministic,1024/frame,none,Missing pathogen or local water prevents filtration,Remove or retain HUMS and keep the BIOF filter wet,biology,tools/tests/test_biology_audit.py;tools/runtime/biology_regression.lua
biology.humus_fertilizer_recovery,PT_HUMS;PT_FERT;PT_WATR{required-not-consumed},PT_NUTR;PT_DUST,[285K;315K],any,none,PT_WATR,3x3-local,deterministic,1024/frame,none,Missing water fertilizer or the composting temperature window leaves all particles unchanged,Separate FERT or dry and cool the mixture to stop recovery then reuse NUTR,biology,tools/tests/test_biology_audit.py;tools/runtime/biology_regression.lua
chemistry.oil_cracking,PT_OIL,PT_KERO,catalyst>=500K,any,none,PT_CATA,3x3-local,deterministic,1536/frame,none,Insufficient catalyst temperature leaves oil unchanged,Cool or further crack KERO under controlled conditions,chemistry,tools/tests/test_chemistry_audit.py;tools/runtime/chemistry_regression.lua
chemistry.kerosene_to_gasoline,PT_KERO,PT_GASO,catalyst=[650K;1100K),any,none,PT_CATA,3x3-local,deterministic,1536/frame,none,Temperature outside the route window prevents gasoline output,Cool GASO and isolate it from ignition sources,chemistry,tools/tests/test_chemistry_audit.py;tools/runtime/chemistry_regression.lua
chemistry.kerosene_to_acetylene,PT_KERO,PT_ACTY,catalyst>=1100K,any,none,PT_CATA,3x3-local,deterministic,1536/frame,none,Insufficient catalyst temperature prevents acetylene output,Cool ACTY or polymerise it with controlled catalyst heat,chemistry,tools/tests/test_chemistry_audit.py;tools/runtime/chemistry_regression.lua
chemistry.acetylene_polymerisation,PT_ACTY*2,PT_POLY*2,catalyst=[450K;800K],any,none,PT_CATA,3x3-local,deterministic,1536/frame,none,Fewer than two local acetylene particles leaves inputs unchanged,Remove the stable POLY product from the hot catalyst,chemistry,tools/tests/test_chemistry_audit.py;tools/runtime/chemistry_regression.lua
chemistry.peroxide_decomposition,PT_PERO*2,PT_WATR*2,catalyst>=350K,any,none,PT_CATA,3x3-local,deterministic,1536/frame,PT_O2,No empty local slot or second peroxide prevents decomposition,Capture O2 and cool the resulting water,chemistry,tools/tests/test_chemistry_audit.py;tools/runtime/chemistry_regression.lua
chemistry.peroxide_pathogen_treatment,PT_PERO;PT_PATH,PT_WATR;PT_HUMS,[285K;330K],any,none,none,3x3-local,deterministic,1536/frame,none,Temperature outside the treatment window or missing pathogen leaves peroxide unchanged,Separate PERO from PATH or leave the treatment window then reuse water and compost HUMS,chemistry,tools/tests/test_chemistry_audit.py;tools/runtime/biology_regression.lua
chemistry.slag_acid_leaching,PT_SLAG;PT_ACID,PT_FLUX;PT_WATR,[285K;340K],any,none,PT_CATA,3x3-local,deterministic,1536/frame,none,Missing acid catalyst or the mild leaching window leaves slag unchanged,Separate acid or catalyst to stop leaching then reuse recovered FLUX in steelmaking,chemistry,tools/tests/test_chemistry_audit.py;tools/runtime/chemistry_regression.lua
chemistry.chlorine_hydrogen,PT_CHLR;PT_H2,PT_HCLA*2,>=450K,any,none,none,3x3-local,deterministic,1536/frame,none,Insufficient temperature or missing hydrogen prevents reaction,Neutralise HCLA with a hydroxide or isolate the corrosive liquid,chemistry,tools/tests/test_chemistry_audit.py;tools/runtime/chemistry_regression.lua
chemistry.ammonia_neutralisation,PT_AMON;PT_ACID,PT_FERT*2,any,any,none,none,3x3-local,deterministic,1536/frame,none,Missing adjacent acid leaves ammonia unchanged,Use FERT beside wet plants or isolate it as product,chemistry,tools/tests/test_chemistry_audit.py;tools/runtime/chemistry_regression.lua
chemistry.fertilizer_use,PT_FERT;PT_PLNT{required-not-consumed};PT_WATR{required-not-consumed},PT_DUST;PT_PLNT{life>=2},any,any,none,none,3x3-local,deterministic,1536/frame,none,Missing plant or water leaves fertilizer unchanged,Remove DUST and stop fertilizer feed when plant treatment is complete,chemistry,tools/tests/test_chemistry_audit.py;tools/runtime/chemistry_regression.lua
chemistry.fermentation,PT_PLNT;PT_WATR,PT_ETHL;PT_CO2,[295K;310K],any,none,PT_YEST,3x3-local,deterministic,1536/frame,none,Temperature outside the window or missing feed prevents fermentation,Capture CO2 and isolate flammable ETHL,chemistry,tools/tests/test_chemistry_audit.py;tools/runtime/chemistry_regression.lua
chemistry.ammonia_synthesis,PT_LNTG;PT_H2*3,PT_AMON*4,[500K;1000K],>=2.0,SPRK(ctype=PT_CATA),PT_CATA,3x3-local,deterministic,1536/frame,none,Missing pressure heat spark or the full local ratio prevents synthesis,Neutralise AMON with ACID or isolate the gas,chemistry,tools/tests/test_chemistry_audit.py;tools/runtime/chemistry_regression.lua
chemistry.peroxide_synthesis,PT_WATR*2;PT_O2,PT_PERO*2,[320K;600K],any,SPRK(ctype=PT_CATA),PT_CATA,3x3-local,deterministic,1536/frame,none,Missing oxygen heat window or second water prevents synthesis,Decompose PERO with heated catalyst when disposal is required,chemistry,tools/tests/test_chemistry_audit.py;tools/runtime/chemistry_regression.lua
chemistry.water_electrolysis,PT_WATR*2,PT_H2*2;PT_O2,any,any,SPRK(ctype=PT_CATA),PT_CATA,3x3-local,deterministic,1536/frame,none,Peroxide synthesis takes precedence when oxygen and its heat window are present,Vent or isolate H2 and O2 before removing electrical power,chemistry,tools/tests/test_chemistry_audit.py;tools/runtime/chemistry_regression.lua
nuclear.fuel_fission,PT_NFUL;PT_NEUT;PT_MODR{required-not-consumed},PT_NWST{1700K},[285K;1500K],any,none,PT_MODR,3x3-local,deterministic,512/frame,none,Missing neutron or moderator or a local CROD prevents fission,Cool NWST with NCLT and isolate it behind shielding,advanced_nuclear,tools/tests/test_nuclear_audit.py;tools/runtime/nuclear_regression.lua
nuclear.coolant_boil,PT_NCLT;PT_NWST{>=1000K/required-not-consumed},PT_WTRV;PT_NWST{900K},any,any,none,none,3x3-local,deterministic,512/frame,none,Waste below 1000 K leaves coolant unchanged,Condense steam and continue controlled cooling of NWST,advanced_nuclear,tools/tests/test_nuclear_audit.py;tools/runtime/nuclear_regression.lua
nuclear.waste_stabilization,PT_NWST;PT_SLAG;PT_HUMS;PT_POLY;PT_WATR{required-not-consumed},PT_RSHD*2;PT_FLUX;PT_NUTR;PT_WATR{required-not-consumed},[500K;620K],any,none,PT_CATA,3x3-local,deterministic,512/frame,none,Missing cooled input water catalyst or the stabilization window leaves all waste unchanged,Separate water or catalyst to stop processing then reuse RSHD FLUX NUTR and retained WATR,advanced_nuclear,tools/tests/test_nuclear_audit.py;tools/runtime/nuclear_regression.lua
nuclear.shield_absorption,PT_NEUT,PT_RSHD{temperature+=60K/max=1600K},any,any,none,PT_RSHD,3x3-local,deterministic,512/frame,none,No local neutron leaves the shield unchanged,Cool overheated RSHD and replace damaged containment,advanced_nuclear,tools/tests/test_nuclear_audit.py;tools/runtime/nuclear_regression.lua
nuclear.neutron_generation,PT_NFUL{required-not-consumed},PT_NEUT{stationary},any,any,SPRK(ctype=PT_NGEN),PT_NGEN,3x3-local,deterministic,512/frame,none,Missing fuel occupied output or repeated spark state blocks generation,Remove spark power or isolate NGEN from NFUL to stop output,advanced_nuclear,tools/tests/test_nuclear_audit.py;tools/runtime/nuclear_regression.lua
periodic.noble_gas_discharge,PT_HE|PT_NE|PT_AR|PT_KR|PT_XE|PT_RN|PT_OG;PT_SPRK|PT_ELEC|PT_PLSM|PT_LIGH,PT_HE|PT_NE|PT_AR|PT_KR|PT_XE|PT_RN|PT_OG;PT_PHOT{life=24},any,any,none,none,3x3-local,element_specific=1/2..1/12,1024/frame,none,No local electrical source or an exhausted event budget leaves the gas unchanged,Remove the electrical source and wait for all finite-life photons to expire,periodic,tools/periodic_audit.py;tools/runtime/periodic_regression.lua
periodic.helium_cryogenic_exchange,PT_HE{<20K};PT_METL{hotter},PT_HE{temperature+=bounded};PT_METL{temperature-=bounded},any,any,none,none,3x3-local,deterministic,1024/frame,none,Helium at or above 20 K or a colder neighbour prevents cryogenic exchange,Warm or remove HE to stop cooling and restore the neighbour with an external heater,periodic,tools/periodic_audit.py;tools/runtime/periodic_regression.lua
periodic.radon_decay,PT_RN,PT_POLO{temperature+=120K},any,any,none,none,self,game_timer=1/1200..1/2400,1024/frame,PT_PHOT{life=18},The randomized timer or an exhausted event budget defers decay to a later frame,Contain or erase POLO and wait for the finite-life photon to expire,periodic,tools/periodic_audit.py;tools/runtime/periodic_regression.lua
periodic.oganesson_decay,PT_OG,PT_RN{timer=1200..2400/temperature+=420K},any,any,none,none,self,game_timer=1/45..1/120,1024/frame,PT_PHOT{life=18},The randomized timer or an exhausted event budget defers decay to a later frame,Contain the resulting RN or erase it and wait for the finite-life photon to expire,periodic,tools/periodic_audit.py;tools/runtime/periodic_regression.lua
periodic.alkali_water,PT_NA|PT_K|PT_CS|PT_FR;PT_WATR|PT_DSTW|PT_SLTW|PT_CBNW|PT_WTRV,PT_CAUS;PT_H2,any,any,none,none,3x3-local,deterministic,1024/frame,PT_FIRE{life=16/element_specific_chance},An exhausted event budget defers reaction and dry metal remains unchanged,Remove water and ignition then vent H2 and cool or isolate CAUS,periodic,tools/periodic_audit.py;tools/runtime/periodic_regression.lua
periodic.alkali_acid,PT_NA|PT_K|PT_CS|PT_FR;PT_ACID,PT_SALT;PT_H2,any,any,none,none,3x3-local,deterministic,1024/frame,PT_FIRE{life=16/element_specific_chance},Missing acid or an exhausted budget leaves the metal unchanged,Remove acid and ignition then vent H2 and cool the generic salt residue,periodic,tools/periodic_audit.py;tools/runtime/periodic_regression.lua
periodic.alkali_oxidation,PT_NA|PT_K|PT_CS|PT_FR;PT_O2,PT_SALT;PT_FIRE{life=24},>=330K,any,none,none,3x3-local,deterministic,1024/frame,none,Metal below its element-specific ignition threshold of 330 K to 460 K or an exhausted budget does not oxidise,Remove oxygen and heat then cool the generic oxidized salt residue,periodic,tools/periodic_audit.py;tools/runtime/periodic_regression.lua
periodic.alkali_vaporisation,PT_NA|PT_K|PT_CS|PT_FR{solid_or_LAVA_ctype},PT_FIRE{ctype=source/life=60},>=944K,any,none,none,self,deterministic,1024/frame,none,Temperature below the element-specific game boiling point of 944 K to 1156 K or an exhausted budget defers vaporisation,Remove heat and ignition and allow the finite FIRE proxy to expire,periodic,tools/periodic_audit.py;tools/runtime/periodic_regression.lua
periodic.francium_decay,PT_FR,PT_POLO{temperature+=360K},any,any,none,none,self,game_timer=1/180..1/360,1024/frame,PT_PHOT{life=18},The randomized timer or an exhausted event budget defers decay,Contain or erase POLO and wait for the finite-life photon to expire,periodic,tools/periodic_audit.py;tools/runtime/periodic_regression.lua
periodic.alkaline_earth_water,PT_BE|PT_MAGN|PT_CA|PT_SR|PT_BA|PT_RA;PT_WATR|PT_DSTW|PT_SLTW|PT_CBNW|PT_WTRV,PT_CAUS;PT_H2,>=273K,any,none,none,3x3-local,deterministic,1024/frame,PT_FIRE{life=16/element_specific_chance_and_colour},BE requires 900 K and MAGN requires 650 K while an exhausted budget defers every family reaction,Remove water and ignition then vent H2 and cool or isolate CAUS,periodic,tools/periodic_audit.py;tools/runtime/periodic_regression.lua
periodic.alkaline_earth_acid,PT_BE|PT_MAGN|PT_CA|PT_SR|PT_BA|PT_RA;PT_ACID,PT_SALT;PT_H2,>=273K,any,none,none,3x3-local,deterministic,1024/frame,PT_FIRE{life=16/element_specific_chance_and_colour},BE below 330 K or a missing acid or exhausted budget leaves the metal unchanged,Remove acid and ignition then vent H2 and cool the generic salt residue,periodic,tools/periodic_audit.py;tools/runtime/periodic_regression.lua
periodic.alkaline_earth_oxidation,PT_BE|PT_MAGN|PT_CA|PT_SR|PT_BA|PT_RA;PT_O2,PT_SALT|PT_BRMT{ctype=PT_MAGN/tmp4=recoverable};PT_FIRE{life=24/element_specific_colour},>=480K,any,none,none,3x3-local,deterministic,1024/frame,none,Metal below its element-specific threshold of 480 K to 900 K or an exhausted budget does not oxidise,Remove oxygen and heat then cool generic salt or recover typed magnesium scrap,periodic,tools/periodic_audit.py;tools/runtime/periodic_regression.lua
periodic.alkaline_earth_vaporisation,PT_BE|PT_MAGN|PT_CA|PT_SR|PT_BA|PT_RA{solid_or_LAVA_ctype},PT_FIRE{ctype=source/life=60/element_specific_colour},>=1363K,any,none,none,self,deterministic,1024/frame,none,Temperature below the element-specific game boiling point of 1363 K to 2742 K or an exhausted budget defers vaporisation,Remove heat and ignition and allow the finite FIRE proxy to expire,periodic,tools/periodic_audit.py;tools/runtime/periodic_regression.lua
periodic.radium_decay,PT_RA,PT_RN{timer=1200..2400/temperature+=240K},any,any,none,none,self,game_timer=1/900..1/1800,1024/frame,PT_PHOT{life=18},The randomized timer or an exhausted event budget defers decay,Contain the resulting RN and wait for the finite-life photon to expire,periodic,tools/periodic_audit.py;tools/runtime/periodic_regression.lua
periodic.boron_neutron_capture,PT_B;PT_NEUT,PT_LITH;PT_HE{temperature+=180K},any,any,none,none,3x3-local,deterministic,1024/frame,none,Missing local neutron or an exhausted event budget leaves boron unchanged,Separate neutron sources or recover the generated LITH and HE after cooling,periodic,tools/periodic_audit.py;tools/runtime/periodic_regression.lua
periodic.boron_group_acid,PT_ALUM|PT_GA|PT_IN|PT_TL;PT_ACID,PT_SALT;PT_H2,>=293K,any,none,none,3x3-local,deterministic,1024/frame,none,Metal below its element-specific threshold of 293 K to 360 K or an exhausted budget remains unchanged,Remove acid then vent H2 and cool generic salt residue,periodic,tools/periodic_audit.py;tools/runtime/periodic_regression.lua
periodic.boron_group_caustic,PT_ALUM|PT_GA;PT_CAUS,PT_SALT;PT_H2,>=320K,any,none,none,3x3-local,deterministic,1024/frame,none,Only aluminium and gallium enter this bounded amphoteric proxy and low temperature defers it,Remove CAUS then vent H2 and cool generic salt residue,periodic,tools/periodic_audit.py;tools/runtime/periodic_regression.lua
periodic.boron_group_oxidation,PT_B|PT_ALUM|PT_GA|PT_IN|PT_TL;PT_O2,PT_GLAS|PT_SALT;PT_FIRE{life=20/element_specific_colour},>=520K,any,none,none,3x3-local,deterministic,1024/frame,none,Metal below its element-specific threshold of 520 K to 1100 K or an exhausted budget does not oxidise,Remove oxygen and heat then cool GLAS or generic salt residue,periodic,tools/periodic_audit.py;tools/runtime/periodic_regression.lua
periodic.gallium_embrittlement,PT_GA{>=302.91K};PT_ALUM|PT_LAVA{ctype=PT_ALUM},PT_GA;PT_BRMT{ctype=PT_ALUM/tmp4=recoverable},>=302.91K,any,none,PT_GA,3x3-local,deterministic,1024/frame,none,Solid cold gallium missing aluminium or an exhausted budget leaves aluminium intact,Cool and separate gallium then reheat typed ALUM scrap for recovery,periodic,tools/periodic_audit.py;tools/runtime/periodic_regression.lua
periodic.boron_group_vaporisation,PT_B|PT_ALUM|PT_GA|PT_IN|PT_TL{solid_or_LAVA_ctype},PT_FIRE{ctype=source/life=60/element_specific_colour},>=1746K,any,none,none,self,deterministic,1024/frame,none,Temperature below the element-specific game boiling point of 1746 K to 4200 K or an exhausted budget defers vaporisation,Remove heat and ignition and allow the finite FIRE proxy to expire,periodic,tools/periodic_audit.py;tools/runtime/periodic_regression.lua
periodic.nihonium_decay,PT_NH,PT_POLO{temperature+=500K},any,any,none,none,self,game_timer=1/90..1/180,1024/frame,PT_PHOT{life=18},The randomized timer or an exhausted event budget defers decay,Contain or erase POLO and wait for the finite-life photon to expire,periodic,tools/periodic_audit.py;tools/runtime/periodic_regression.lua
periodic.carbon_group_acid,PT_GE|PT_TIN|PT_LEAD;PT_ACID,PT_SALT;PT_H2,>=330K,any,none,none,3x3-local,deterministic,1024/frame,none,Silicon and flerovium are excluded while metal below its 330 K to 360 K threshold or an exhausted budget remains unchanged,Remove acid then vent H2 and cool generic salt residue,periodic,tools/periodic_audit.py;tools/runtime/periodic_regression.lua
periodic.carbon_group_oxidation,PT_SLCN|PT_GE|PT_TIN|PT_LEAD;PT_O2,PT_GLAS|PT_SALT;PT_FIRE{life=20/element_specific_colour},>=650K,any,none,none,3x3-local,deterministic,1024/frame,none,Element below its 650 K to 900 K threshold or an exhausted budget does not oxidise,Remove oxygen and heat then cool GLAS or generic salt residue,periodic,tools/periodic_audit.py;tools/runtime/periodic_regression.lua
periodic.carbon_group_vaporisation,PT_SLCN|PT_GE|PT_TIN|PT_LEAD{solid_or_LAVA_ctype},PT_FIRE{ctype=source/life=60/element_specific_colour},>=2022K,any,none,none,self,deterministic,1024/frame,none,Temperature below the element-specific game boiling point of 2022 K to 4000 K or an exhausted budget defers vaporisation,Remove heat and ignition and allow the finite FIRE proxy to expire,periodic,tools/periodic_audit.py;tools/runtime/periodic_regression.lua
periodic.tin_pest,PT_TIN{<286K/tmp=120},PT_BRMT{ctype=PT_TIN/tmp4=recoverable},any,any,none,none,self,deterministic,1024/frame,none,Warming tin resets the timer and an exhausted event budget holds it at 119 ticks,Reheat recoverable BRMT above the tin melting point and cool it to recover TIN,periodic,tools/periodic_audit.py;tools/runtime/periodic_regression.lua
periodic.germanium_discharge,PT_GE;PT_SPRK|PT_ELEC|PT_PLSM|PT_LIGH,PT_GE{life=10/temperature+=15K},any,any,none,none,3x3-local,1/4,1024/frame,none,Missing local discharge an active glow or an exhausted event budget leaves GE unchanged,Remove the electrical source and wait for the 10-tick glow to expire,periodic,tools/periodic_audit.py;tools/runtime/periodic_regression.lua
periodic.flerovium_decay,PT_FL,PT_POLO{temperature+=550K},any,any,none,none,self,game_timer=1/60..1/130,1024/frame,PT_PHOT{life=18},The randomized timer or an exhausted event budget defers decay,Contain or erase POLO and wait for the finite-life photon to expire,periodic,tools/periodic_audit.py;tools/runtime/periodic_regression.lua
periodic.nitrogen_discharge,PT_N;PT_SPRK|PT_ELEC|PT_PLSM|PT_LIGH,PT_N{life=12/temperature+=20K},any,any,none,none,3x3-local,1/5,1024/frame,none,Missing local discharge an active glow a failed probability roll or an exhausted event budget leaves N unchanged,Remove the electrical source and wait for the 12-tick glow to expire,periodic,tools/periodic_audit.py;tools/runtime/periodic_regression.lua
periodic.nitrogen_group_acid,PT_AS|PT_SB|PT_BI;PT_ACID,PT_SALT;PT_H2,>=350K,any,none,none,3x3-local,deterministic,1024/frame,none,Phosphorus nitrogen and moscovium are excluded while material below its element-specific threshold of 350 K to 390 K or an exhausted budget remains unchanged,Remove acid then vent H2 and cool generic salt residue,periodic,tools/periodic_audit.py;tools/runtime/periodic_regression.lua
periodic.nitrogen_group_oxidation,PT_P|PT_AS|PT_SB|PT_BI;PT_O2,PT_DUST|PT_SALT;PT_FIRE{life=20_or_32/element_specific_colour},>=320K,any,none,none,3x3-local,deterministic,1024/frame,none,Element below its element-specific threshold of 320 K to 720 K or an exhausted budget does not oxidise,Remove oxygen and heat then cool DUST or generic salt residue,periodic,tools/periodic_audit.py;tools/runtime/periodic_regression.lua
periodic.nitrogen_group_vaporisation,PT_P|PT_AS|PT_SB|PT_BI{solid_or_LAVA_ctype},PT_FIRE{ctype=source/life=60/element_specific_colour},>=554K,any,none,none,self,deterministic,1024/frame,none,Temperature below the element-specific game boiling point of 554 K to 1908 K or an exhausted budget defers vaporisation,Remove heat and ignition and allow the finite FIRE proxy to expire,periodic,tools/periodic_audit.py;tools/runtime/periodic_regression.lua
periodic.moscovium_decay,PT_MC,PT_NH{timer=90..180/temperature+=600K},any,any,none,none,self,game_timer=1/50..1/110,1024/frame,PT_PHOT{life=18},The randomized timer or an exhausted event budget defers the first decay stage,Contain the resulting NH and POLO and wait for both finite-life photons to expire,periodic,tools/periodic_audit.py;tools/runtime/periodic_regression.lua
periodic.oxygen_group_oxidation,PT_S|PT_SE|PT_TE;PT_O2,PT_SMKE|PT_DUST|PT_GLAS;PT_FIRE{life=20_or_32/element_specific_colour},>=390K,any,none,none,3x3-local,deterministic,1024/frame,none,Material below its element-specific threshold of 390 K to 780 K or an exhausted budget does not oxidise,Remove oxygen and heat then vent SMKE or cool DUST and GLAS residue,periodic,tools/periodic_audit.py;tools/runtime/periodic_regression.lua
periodic.oxygen_group_vaporisation,PT_S|PT_SE|PT_TE{solid_or_LAVA_ctype},PT_FIRE{ctype=source/life=60/element_specific_colour},>=718K,any,none,none,self,deterministic,1024/frame,none,Temperature below the element-specific game boiling point of 718 K to 1261 K or an exhausted budget defers vaporisation,Remove heat and ignition and allow the finite FIRE proxy to expire,periodic,tools/periodic_audit.py;tools/runtime/periodic_regression.lua
periodic.selenium_excitation,PT_SE;PT_PHOT|PT_SPRK|PT_ELEC|PT_PLSM|PT_LIGH,PT_SE{life=12/temperature+=15K},any,any,none,none,3x3-local,1/4,1024/frame,none,Missing local photon or discharge an active glow a failed probability roll or an exhausted budget leaves SE unchanged,Remove the photon or electrical source and wait for the 12-tick glow to expire,periodic,tools/periodic_audit.py;tools/runtime/periodic_regression.lua
periodic.livermorium_decay,PT_LV,PT_FL{timer=60..130/temperature+=650K},any,any,none,none,self,game_timer=1/40..1/90,1024/frame,PT_PHOT{life=18},The randomized timer or an exhausted event budget defers the first decay stage,Contain the resulting FL and POLO and wait for both finite-life photons to expire,periodic,tools/periodic_audit.py;tools/runtime/periodic_regression.lua
periodic.halogen_hydrogen,PT_F|PT_BR|PT_I|PT_AT;PT_H2,PT_ACID*2,>=293K,any,none,none,3x3-local,deterministic,1024/frame,none,Chlorine retains its existing chemistry route while another halogen below its 293 K to 520 K threshold or an exhausted budget remains unchanged,Remove hydrogen and halogen then neutralise or isolate the two acid proxy particles,periodic,tools/periodic_audit.py;tools/runtime/periodic_regression.lua
periodic.fluorine_water,PT_F;PT_WATR|PT_DSTW|PT_SLTW|PT_CBNW|PT_WTRV,PT_ACID*2,>=250K,any,none,none,3x3-local,deterministic,1024/frame,none,Fluorine below 250 K missing local water or an exhausted event budget remains gaseous,Remove fluorine and water then neutralise or isolate the two acid proxy particles,periodic,tools/periodic_audit.py;tools/runtime/periodic_regression.lua
periodic.halogen_metal_salt,PT_F|PT_CHLR|PT_BR|PT_I|PT_AT;PT_LITH|PT_NA|PT_K|PT_RBDM|PT_CS|PT_MAGN|PT_CA|PT_SR|PT_BA|PT_ALUM|PT_COPR|PT_IRON|PT_METL|PT_LAVA{ctype=reactive_metal},PT_SALT*2,>=273K,any,none,none,3x3-local,deterministic,1024/frame,none,Tennessine is excluded while another halogen below its element-specific threshold or an exhausted budget leaves the metal intact,Remove halogen and reactive metal then cool or erase the two generic halide salt proxies,periodic,tools/periodic_audit.py;tools/runtime/periodic_regression.lua
periodic.halogen_disinfection,PT_F|PT_CHLR|PT_BR|PT_I|PT_AT;PT_PATH|PT_SPOR|PT_MYCL|PT_BIOF,PT_SALT;PT_DUST,>=273K,any,none,none,3x3-local,deterministic,1024/frame,none,Tennessine is excluded while low temperature no local biological target or an exhausted budget leaves both particles unchanged,Remove the halogen then cool or erase the finite salt and dust residues,periodic,tools/periodic_audit.py;tools/runtime/periodic_regression.lua
periodic.halogen_vaporisation,PT_BR|PT_I{liquid_solid_or_LAVA_ctype},PT_SMKE{ctype=source/life=60/element_specific_colour},>=332K,any,none,none,self,deterministic,1024/frame,none,Temperature below the element-specific game boiling point of 332 K or 457 K or an exhausted budget defers vaporisation,Remove heat and wait for the finite coloured vapour proxy to expire,periodic,tools/periodic_audit.py;tools/runtime/periodic_regression.lua
periodic.astatine_decay,PT_AT|PT_LAVA{ctype=PT_AT},PT_POLO{temperature+=240K},any,any,none,none,self,game_timer=1/240..1/480,1024/frame,PT_PHOT{life=18},The randomized timer or an exhausted event budget defers astatine decay,Contain or erase POLO and wait for the finite-life photon to expire,periodic,tools/periodic_audit.py;tools/runtime/periodic_regression.lua
periodic.tennessine_decay,PT_TS,PT_MC{timer=50..110/temperature+=700K},any,any,none,none,self,game_timer=1/35..1/75,1024/frame,PT_PHOT{life=18},The randomized timer or an exhausted event budget defers the first decay stage,Contain the resulting MC NH and POLO and wait for all finite-life photons to expire,periodic,tools/periodic_audit.py;tools/runtime/periodic_regression.lua
periodic.first_transition_acid,PT_SC|PT_V|PT_MN;PT_ACID,PT_SALT;PT_H2,>=300K,any,none,none,3x3-local,deterministic,1024/frame,none,Material below its element-specific threshold of 300 K to 420 K or an exhausted budget remains unchanged,Remove acid then vent H2 and cool the generic salt residue,periodic,tools/periodic_audit.py;tools/runtime/periodic_regression.lua
periodic.first_transition_oxidation,PT_SC|PT_V|PT_MN{solid_or_LAVA_ctype};PT_O2,PT_BRMT{ctype=source/tmp4=recoverable};PT_FIRE{life=20/element_specific_colour},>=650K,any,none,none,3x3-local,deterministic,1024/frame,none,Material below its element-specific threshold of 650 K to 900 K or an exhausted budget does not oxidise,Remove oxygen and heat then cool or remelt typed scrap,periodic,tools/periodic_audit.py;tools/runtime/periodic_regression.lua
periodic.first_transition_vaporisation,PT_SC|PT_V|PT_MN{solid_or_LAVA_ctype},PT_FIRE{ctype=source/life=60/element_specific_colour},>=2334K,any,none,none,self,deterministic,1024/frame,none,Temperature below the element-specific game boiling point of 2334 K to 3680 K or an exhausted budget defers vaporisation,Remove heat and wait for the finite FIRE proxy to expire,periodic,tools/periodic_audit.py;tools/runtime/periodic_regression.lua
periodic.scandium_discharge,PT_SC;PT_SPRK|PT_ELEC|PT_PLSM|PT_LIGH,PT_SC{life=12/temperature+=18K};PT_PHOT{life=20},any,any,none,none,3x3-local,1/3,1024/frame,none,Missing local discharge an active glow a failed probability roll or an exhausted budget leaves SC unchanged,Remove the electrical source and wait for the finite glow and photon to expire,periodic,tools/periodic_audit.py;tools/runtime/periodic_regression.lua
periodic.vanadium_tool_steel,PT_V|PT_LAVA{ctype=PT_V};PT_LAVA{ctype=PT_STEL},PT_LAVA{ctype=PT_TSTL}*2,>=1800K,any,none,none,3x3-local,deterministic,1024/frame,none,Cold vanadium steel below 1700 K missing adjacency or an exhausted budget leaves both inputs unchanged,Remove heat or separate the inputs then cool typed tool-steel lava,periodic,tools/periodic_audit.py;tools/runtime/periodic_regression.lua
periodic.manganese_deoxidation,PT_MN|PT_LAVA{ctype=PT_MN};PT_LAVA{ctype=PT_IRON}|PT_LAVA{ctype=PT_STEL};PT_O2,PT_LAVA{ctype=PT_STEL}*2;PT_SLAG,>=1200K,any,none,none,3x3-local,deterministic,1024/frame,none,Missing hot molten iron or steel local oxygen or an exhausted budget leaves the batch unchanged,Remove excess oxygen then cool typed steel lava and slag,periodic,tools/periodic_audit.py;tools/runtime/periodic_regression.lua
periodic.second_transition_acid,PT_Y|PT_ZR|PT_NB|PT_TC|PT_RU|PT_RH|PT_PD|PT_AG|PT_CD{solid_or_LAVA_ctype};PT_ACID,PT_SALT;PT_H2,>=300K,any,none,none,3x3-local,deterministic,1024/frame,none,Material below its element-specific threshold of 300 K to 650 K or an exhausted budget remains unchanged,Remove acid then vent H2 and cool the generic salt residue,periodic,tools/periodic_audit.py;tools/runtime/periodic_regression.lua
periodic.second_transition_oxidation,PT_Y|PT_ZR|PT_NB|PT_TC|PT_RU|PT_RH|PT_PD|PT_AG|PT_CD{solid_or_LAVA_ctype};PT_O2,PT_BRMT{ctype=source/tmp4=recoverable};PT_FIRE{life=20/element_specific_colour},>=550K,any,none,none,3x3-local,deterministic,1024/frame,none,Material below its element-specific threshold of 550 K to 1100 K or an exhausted budget does not oxidise,Remove oxygen and heat then cool or remelt typed scrap,periodic,tools/periodic_audit.py;tools/runtime/periodic_regression.lua
periodic.second_transition_vaporisation,PT_Y|PT_ZR|PT_NB|PT_TC|PT_RU|PT_RH|PT_PD|PT_AG|PT_CD{solid_or_LAVA_ctype},PT_FIRE{ctype=source/life=60/element_specific_colour},>=1040K,any,none,none,self,deterministic,1024/frame,none,Temperature below the element-specific game boiling point of 1040 K to 5017 K or an exhausted budget defers vaporisation,Remove heat and wait for the finite FIRE proxy to expire,periodic,tools/periodic_audit.py;tools/runtime/periodic_regression.lua
periodic.yttrium_discharge,PT_Y;PT_SPRK|PT_ELEC|PT_PLSM|PT_LIGH,PT_Y{life=12/temperature+=16K};PT_PHOT{life=20},any,any,none,none,3x3-local,1/4,1024/frame,none,Missing local discharge an active glow a failed probability roll or an exhausted budget leaves Y unchanged,Remove the electrical source and wait for the finite glow and photon to expire,periodic,tools/periodic_audit.py;tools/runtime/periodic_regression.lua
periodic.zirconium_steam,PT_ZR|PT_LAVA{ctype=PT_ZR};PT_WATR|PT_WTRV,PT_BRMT{ctype=PT_ZR/tmp4=recoverable};PT_H2,>=1000K,any,none,none,3x3-local,deterministic,1024/frame,PT_FIRE{finite/bright},Cold zirconium or steam missing adjacency or an exhausted budget leaves both inputs unchanged,Remove steam and heat then vent hydrogen and cool or remelt typed scrap,periodic,tools/periodic_audit.py;tools/runtime/periodic_regression.lua
periodic.technetium_decay,PT_TC|PT_LAVA{ctype=PT_TC},PT_RU{temperature+=180K},any,any,none,none,self,game_timer=1/600..1/1200,1024/frame,PT_PHOT{life=18},The randomized timer or an exhausted event budget defers technetium decay,Shield or contain the resulting RU and wait for the finite photon to expire,periodic,tools/periodic_audit.py;tools/runtime/periodic_regression.lua
periodic.platinum_group_catalysis,PT_RU|PT_RH|PT_LAVA{ctype=PT_RU_or_PT_RH};PT_H2;PT_O2,PT_RU|PT_RH|PT_LAVA{catalyst_unchanged};PT_WATR*2,>=330K,any,none,PT_RU|PT_RH,3x3-local,RU=1/4;RH=1/2,1024/frame,none,Cold catalyst missing local gas pair failed probability roll or an exhausted budget leaves all particles unchanged,Remove hydrogen and oxygen then cool and retain the catalyst,periodic,tools/periodic_audit.py;tools/runtime/periodic_regression.lua
periodic.palladium_hydrogen_absorption,PT_PD{tmp=0..3/temp<500K};PT_H2,PT_PD{tmp+=1},[0K;500K),any,none,PT_PD,3x3-local,deterministic,1024/frame,none,A full or hot palladium particle missing local hydrogen or an exhausted budget absorbs nothing,Separate hydrogen or heat palladium to at least 500 K for controlled release,periodic,tools/periodic_audit.py;tools/runtime/periodic_regression.lua
periodic.palladium_hydrogen_release,PT_PD{tmp=1..4/temp>=500K},PT_PD{tmp-=1};PT_H2,>=500K,any,none,PT_PD,3x3-local,deterministic,1024/frame,none,Cold palladium no empty neighbor or an exhausted budget retains stored hydrogen,Remove heat after release then vent hydrogen or cool and reuse palladium,periodic,tools/periodic_audit.py;tools/runtime/periodic_regression.lua
periodic.silver_tarnish,PT_AG|PT_LAVA{ctype=PT_AG};PT_S,PT_BRMT{ctype=PT_AG/tmp4=recoverable/dcolour=dark};PT_DUST{dcolour=dark},>=350K,any,none,none,3x3-local,deterministic,1024/frame,none,Cold silver missing local sulfur or an exhausted budget leaves both inputs unchanged,Remove sulfur and heat then remelt valid typed silver scrap if recovery is desired,periodic,tools/periodic_audit.py;tools/runtime/periodic_regression.lua
periodic.third_transition_acid,PT_HF|PT_TA|PT_RE|PT_OS|PT_IR{solid_or_LAVA_ctype};PT_ACID,PT_SALT;PT_H2,>=650K,any,none,none,3x3-local,deterministic,1024/frame,none,Material below its element-specific threshold of 650 K to 1200 K passive tantalum or an exhausted budget remains unchanged,Remove acid then vent H2 and cool the generic salt residue,periodic,tools/periodic_audit.py;tools/runtime/periodic_regression.lua
periodic.third_transition_oxidation,PT_HF|PT_RE|PT_IR{solid_or_LAVA_ctype};PT_O2,PT_BRMT{ctype=source/tmp4=recoverable};PT_FIRE{life=20/element_specific_colour},>=900K,any,none,none,3x3-local,deterministic,1024/frame,none,Hafnium rhenium or iridium below its element-specific threshold or an exhausted budget does not oxidise,Remove oxygen and heat then cool or remelt typed scrap,periodic,tools/periodic_audit.py;tools/runtime/periodic_regression.lua
periodic.third_transition_vaporisation,PT_HF|PT_TA|PT_RE|PT_OS|PT_IR{solid_or_LAVA_ctype},PT_FIRE{ctype=source/life=60/element_specific_colour},>=4701K,any,none,none,self,deterministic,1024/frame,none,Temperature below the element-specific game boiling point of 4701 K to 5903 K or an exhausted budget defers vaporisation,Remove heat and wait for the finite FIRE proxy to expire,periodic,tools/periodic_audit.py;tools/runtime/periodic_regression.lua
periodic.hafnium_neutron_capture,PT_HF|PT_LAVA{ctype=PT_HF};PT_NEUT,PT_HF|PT_LAVA{ctype=PT_HF/tmp+=1/temperature+=90K},any,any,none,PT_HF,3x3-local,deterministic,1024/frame,none,Missing local neutron or an exhausted budget leaves the hafnium capture count unchanged,Remove neutron sources and cool or reuse the retained hafnium absorber,periodic,tools/periodic_audit.py;tools/runtime/periodic_regression.lua
periodic.tantalum_passivation,PT_TA|PT_LAVA{ctype=PT_TA/life=0};PT_O2,PT_TA|PT_LAVA{ctype=PT_TA/life=120};PT_GLAS,>=700K,any,none,PT_TA,3x3-local,deterministic,1024/frame,none,Cold already-passive tantalum missing oxygen or an exhausted budget does not form a new layer,Remove oxygen and heat then retain the temporary passive layer or cool the glass proxy,periodic,tools/periodic_audit.py;tools/runtime/periodic_regression.lua
periodic.rhenium_superalloy,PT_RE|PT_LAVA{ctype=PT_RE};PT_NICL|PT_LAVA{ctype=PT_NICL},PT_LAVA{ctype=PT_TSTL}*2,>=2000K,any,none,none,3x3-local,deterministic,1024/frame,none,Cold rhenium or nickel missing adjacency or an exhausted budget leaves both inputs unchanged,Separate the inputs or remove heat then cool the two typed superalloy proxies,periodic,tools/periodic_audit.py;tools/runtime/periodic_regression.lua
periodic.osmium_toxic_oxidation,PT_OS|PT_LAVA{ctype=PT_OS};PT_O2,PT_SMKE{ctype=PT_OS/life=80};PT_CAUS,>=450K,any,none,none,3x3-local,deterministic,1024/frame,none,Cold osmium missing oxygen or an exhausted budget does not produce the toxic-oxide proxy,Remove oxygen and heat then neutralise caustic residue and wait for finite smoke to expire,periodic,tools/periodic_audit.py;tools/runtime/periodic_regression.lua
periodic.iridium_peroxide_catalysis,PT_IR|PT_LAVA{ctype=PT_IR};PT_PERO*2,PT_IR|PT_LAVA{catalyst_unchanged};PT_WATR*2;PT_O2,>=350K,any,none,PT_IR,3x3-local,deterministic,1024/frame,none,Cold iridium fewer than two local peroxide particles no empty neighbor or an exhausted budget leaves all inputs unchanged,Remove peroxide and oxygen then cool and retain the iridium catalyst,periodic,tools/periodic_audit.py;tools/runtime/periodic_regression.lua
periodic.lanthanide_acid,PT_LA|PT_CE|PT_PR|PT_ND|PT_PM|PT_SM|PT_EU|PT_GD|PT_TB|PT_DY|PT_HO|PT_ER|PT_TM|PT_YB|PT_LU{solid_or_LAVA_ctype};PT_ACID,PT_SALT;PT_H2,>=293K,any,none,none,3x3-local,deterministic,1024/frame,none,Material below its element-specific threshold of 293 K to 500 K or an exhausted budget remains unchanged,Remove acid then vent H2 and cool the generic salt residue,periodic,tools/periodic_audit.py;tools/runtime/periodic_regression.lua
periodic.lanthanide_oxidation,PT_LA|PT_CE|PT_PR|PT_ND|PT_PM|PT_SM|PT_EU|PT_GD|PT_TB|PT_DY|PT_HO|PT_ER|PT_TM|PT_YB|PT_LU{solid_or_LAVA_ctype};PT_O2,PT_BRMT{ctype=source/tmp4=recoverable};PT_FIRE{life=20/element_specific_colour},>=450K,any,none,none,3x3-local,deterministic,1024/frame,none,Material below its element-specific threshold of 450 K to 900 K or an exhausted budget does not oxidise,Remove oxygen and heat then cool or remelt typed scrap,periodic,tools/periodic_audit.py;tools/runtime/periodic_regression.lua
periodic.lanthanide_vaporisation,PT_LA|PT_CE|PT_PR|PT_ND|PT_PM|PT_SM|PT_EU|PT_GD|PT_TB|PT_DY|PT_HO|PT_ER|PT_TM|PT_YB|PT_LU{solid_or_LAVA_ctype},PT_FIRE{ctype=source/life=60/element_specific_colour},>=1469K,any,none,none,self,deterministic,1024/frame,none,Temperature below the element-specific game boiling point of 1469 K to 3793 K or an exhausted budget defers vaporisation,Remove heat and wait for the finite FIRE proxy to expire,periodic,tools/periodic_audit.py;tools/runtime/periodic_regression.lua
periodic.lanthanum_hydrogen_absorption,PT_LA{tmp=0..3/temp=300..699K};PT_H2,PT_LA{tmp+=1},[300K;700K),any,none,PT_LA,3x3-local,deterministic,1024/frame,none,A full cold or hot lanthanum particle missing local hydrogen or an exhausted budget absorbs nothing,Separate hydrogen or heat lanthanum above 900 K for controlled release,periodic,tools/periodic_audit.py;tools/runtime/periodic_regression.lua
periodic.lanthanum_hydrogen_release,PT_LA{tmp=1..4/temp>=900K},PT_LA{tmp-=1};PT_H2,>=900K,any,none,PT_LA,3x3-local,deterministic,1024/frame,none,Cool lanthanum no empty neighbor or an exhausted budget retains stored hydrogen,Remove heat after release then vent hydrogen or cool and reuse lanthanum,periodic,tools/periodic_audit.py;tools/runtime/periodic_regression.lua
periodic.cerium_oxygen_absorption,PT_CE{tmp=0..3/temp=400..749K};PT_O2,PT_CE{tmp+=1},[400K;750K),any,none,PT_CE,3x3-local,deterministic,1024/frame,none,A full cold or hot cerium particle missing local oxygen or an exhausted budget absorbs nothing,Separate oxygen or heat cerium above 1050 K for controlled release,periodic,tools/periodic_audit.py;tools/runtime/periodic_regression.lua
periodic.cerium_oxygen_release,PT_CE{tmp=1..4/temp>=1050K},PT_CE{tmp-=1};PT_O2,>=1050K,any,none,PT_CE,3x3-local,deterministic,1024/frame,none,Cool cerium no empty neighbor or an exhausted budget retains stored oxygen,Remove heat after release then vent oxygen or cool and reuse cerium,periodic,tools/periodic_audit.py;tools/runtime/periodic_regression.lua
periodic.promethium_decay,PT_PM|PT_LAVA{ctype=PT_PM},PT_SM|PT_LAVA{ctype=PT_SM/temperature+=180K},any,any,none,none,self,game_timer=1/180..1/360,1024/frame,PT_PHOT{life=18},The randomized timer or an exhausted event budget defers promethium decay,Shield or contain the resulting samarium and wait for the finite photon to expire,periodic,tools/periodic_audit.py;tools/runtime/periodic_regression.lua
periodic.lanthanide_neutron_absorption,PT_SM|PT_GD|PT_LU{solid_or_LAVA_ctype};PT_NEUT,PT_SM|PT_GD|PT_LU{tmp+=1/temperature+=60..180K/life=30},any,any,none,PT_SM|PT_GD|PT_LU,3x3-local,deterministic,1024/frame,none,Missing local neutron or an exhausted budget leaves the capture count unchanged,Remove neutron sources and cool or reuse the retained absorber,periodic,tools/periodic_audit.py;tools/runtime/periodic_regression.lua
periodic.lanthanide_magnetic_excitation,PT_PR|PT_ND|PT_SM|PT_GD|PT_DY|PT_HO;PT_SPRK|PT_ELEC|PT_PLSM|PT_LIGH,PT_PR|PT_ND|PT_SM|PT_GD|PT_DY|PT_HO{life=55..80/tmp2+=1},any,any,none,none,3x3-local,deterministic,1024/frame,none,Missing local discharge an active cooldown or an exhausted budget leaves the material unchanged,Remove the electrical source and wait for the finite glow to expire,periodic,tools/periodic_audit.py;tools/runtime/periodic_regression.lua
periodic.lanthanide_fluorescence,PT_EU|PT_TB;PT_PHOT,PT_EU|PT_TB{life=60};PT_PHOT{life>=18/element_specific_band},any,any,none,PT_EU|PT_TB,3x3-local,deterministic,1024/frame,none,Missing local photon an active cooldown or an exhausted budget leaves the photon unchanged,Remove the photon source and wait for the finite fluorescence glow to expire,periodic,tools/periodic_audit.py;tools/runtime/periodic_regression.lua
periodic.lanthanide_photon_amplification,PT_ER|PT_TM;PT_PHOT,PT_ER|PT_TM{life=45};PT_PHOT{life=18/element_specific_band}*2,any,any,none,PT_ER|PT_TM,3x3-local,cooldown=45;1/1,1024/frame,none,Missing seed photon an active cooldown no photon slot or an exhausted budget emits nothing,Remove seed photons and wait for the finite emitted photons and glow to expire,periodic,tools/periodic_audit.py;tools/runtime/periodic_regression.lua
periodic.ytterbium_water,PT_YB|PT_LAVA{ctype=PT_YB};PT_WATR|PT_DSTW|PT_SLTW|PT_CBNW|PT_WTRV,PT_SALT;PT_H2,>=330K,any,none,none,3x3-local,deterministic,1024/frame,none,Cold ytterbium missing water adjacency or an exhausted budget leaves both inputs unchanged,Remove water and heat then vent hydrogen and cool salt residue,periodic,tools/periodic_audit.py;tools/runtime/periodic_regression.lua
periodic.actinide_decay,PT_AC|PT_TH|PT_PA|PT_NP|PT_AM|PT_CM|PT_BK|PT_CF|PT_ES|PT_FM|PT_MD|PT_NO|PT_LR{solid_or_LAVA_ctype/life=0},PT_FR|PT_RA|PT_URAN|PT_PA|PT_NP|PT_PLUT|PT_AM|PT_CM|PT_BK|PT_CF|PT_ES|PT_FM|PT_MD{representative_mapping},any,any,none,none,self,game_timer=1/120..1/2000,1024/frame,PT_PHOT{life=18}|PT_NEUT{life=24},A positive compressed lifetime or exhausted shared budget defers decay,Shield descendants cool decay heat and wait for finite radiation to expire,periodic,tools/periodic_audit.py;tools/runtime/periodic_regression.lua
periodic.actinide_neutron_transmutation,PT_AC|PT_TH|PT_PA|PT_NP|PT_AM|PT_CM|PT_BK|PT_CF|PT_ES|PT_FM|PT_MD|PT_NO|PT_LR{solid_or_LAVA_ctype};PT_NEUT,PT_TH|PT_PA|PT_URAN|PT_PLUT|PT_CM|PT_BK|PT_CF|PT_ES|PT_FM|PT_MD|PT_NO|PT_LR|PT_RF{representative_mapping},any,any,none,none,3x3-local,deterministic,1024/frame,none,Missing neutron invalid target cold lawrencium collision or exhausted budget leaves the actinide unchanged,Remove neutron sources cool the product and contain the transmutation chain,periodic,tools/periodic_audit.py;tools/runtime/periodic_regression.lua
periodic.californium_fission,PT_CF|PT_LAVA{ctype=PT_CF};PT_NEUT,PT_CM|PT_LAVA{ctype=PT_CM};PT_NEUT{life=24},>=900K,any,none,PT_CF,3x3-local,deterministic,1024/frame,none,Cold californium follows capture to einsteinium while a missing neutron or exhausted budget does nothing,Remove neutron sources cool pressure and shield the curium plus finite replacement neutron,periodic,tools/periodic_audit.py;tools/runtime/periodic_regression.lua
periodic.actinide_acid,PT_AC|PT_TH|PT_PA|PT_NP|PT_AM|PT_CM|PT_BK|PT_CF|PT_ES|PT_FM|PT_MD|PT_NO|PT_LR{solid_or_LAVA_ctype};PT_ACID,PT_BRMT{ctype=source/tmp4=recoverable};PT_H2,>=300K,any,none,none,3x3-local,deterministic,1024/frame,none,Material below its element-specific threshold of 300 K to 500 K or an exhausted budget remains unchanged,Remove acid vent hydrogen and cool the typed radioactive waste,periodic,tools/periodic_audit.py;tools/runtime/periodic_regression.lua
periodic.actinide_oxidation,PT_AC|PT_TH|PT_PA|PT_NP|PT_AM|PT_CM|PT_BK|PT_CF|PT_ES|PT_FM|PT_MD|PT_NO|PT_LR{solid_or_LAVA_ctype};PT_O2,PT_BRMT{ctype=source/tmp4=recoverable};PT_FIRE{life=20/element_specific_colour},>=480K,any,none,none,3x3-local,deterministic,1024/frame,none,Material below its element-specific threshold of 480 K to 850 K or an exhausted budget does not oxidise,Remove oxygen and heat then cool and shield typed radioactive waste,periodic,tools/periodic_audit.py;tools/runtime/periodic_regression.lua
periodic.actinide_vaporisation,PT_AC|PT_TH|PT_PA|PT_NP|PT_AM|PT_CM|PT_BK|PT_CF|PT_ES|PT_FM|PT_MD|PT_NO|PT_LR{solid_or_LAVA_ctype},PT_FIRE{ctype=source/life=45/element_specific_colour},>=1269K,any,none,none,self,deterministic,1024/frame,none,Temperature below the element-specific game boiling point of 1269 K to 5061 K or an exhausted budget defers vaporisation,Remove heat and wait for the finite radioactive vapour proxy to expire,periodic,tools/periodic_audit.py;tools/runtime/periodic_regression.lua
periodic.superheavy_decay,PT_RF|PT_DB|PT_SG|PT_BH|PT_HS|PT_MT|PT_DS|PT_RG|PT_CN{solid_or_LAVA_ctype/life=0},PT_HF|PT_TA|PT_TUNG|PT_RE|PT_OS|PT_IR|PT_PTNM|PT_GOLD|PT_MERC{representative_mapping},any,any,none,none,self,game_timer=1/120..1/600,1024/frame,PT_PHOT{life=18}|PT_NEUT{life=24},A positive compressed lifetime or exhausted shared budget defers decay,Shield descendants cool decay heat and wait for finite radiation to expire,periodic,tools/periodic_audit.py;tools/runtime/periodic_regression.lua
periodic.superheavy_synthesis,PT_LR|PT_RF|PT_DB|PT_SG|PT_BH|PT_HS|PT_MT|PT_DS|PT_RG|PT_CN{solid_or_LAVA_ctype};PT_NEUT,PT_RF|PT_DB|PT_SG|PT_BH|PT_HS|PT_MT|PT_DS|PT_RG|PT_CN|PT_NH{next_mapping},>=900K,any,none,none,3x3-local,deterministic,1024/frame,none,A collision below the element-specific 900 K to 1700 K threshold missing neutron or exhausted budget does not synthesize,Remove energetic neutron sources cool the product and contain the short-lived chain,periodic,tools/periodic_audit.py;tools/runtime/periodic_regression.lua
periodic.superheavy_acid,PT_RF|PT_DB|PT_SG|PT_BH|PT_HS|PT_MT|PT_DS|PT_RG|PT_CN{solid_or_LAVA_ctype};PT_ACID,PT_BRMT{ctype=source/tmp4=recoverable};PT_H2,>=320K,any,none,none,3x3-local,deterministic,1024/frame,none,Material below its element-specific threshold of 320 K to 600 K or an exhausted budget remains unchanged,Remove acid vent hydrogen then cool and shield typed radioactive waste,periodic,tools/periodic_audit.py;tools/runtime/periodic_regression.lua
periodic.superheavy_oxidation,PT_RF|PT_DB|PT_SG|PT_BH|PT_HS|PT_MT|PT_DS|PT_RG|PT_CN{solid_or_LAVA_ctype};PT_O2,PT_BRMT{ctype=source/tmp4=recoverable};PT_FIRE{life=20/element_specific_colour},>=500K,any,none,none,3x3-local,deterministic,1024/frame,none,Material below its element-specific threshold of 500 K to 1100 K or an exhausted budget does not oxidise,Remove oxygen and heat then cool and shield typed radioactive waste,periodic,tools/periodic_audit.py;tools/runtime/periodic_regression.lua
periodic.superheavy_vaporisation,PT_RF|PT_DB|PT_SG|PT_BH|PT_HS|PT_MT|PT_DS|PT_RG|PT_CN{solid_or_LAVA_ctype},PT_FIRE{ctype=source/life=36/element_specific_colour},>=750K,any,none,none,self,deterministic,1024/frame,none,Temperature below the element-specific game boiling point of 750 K to 3900 K or an exhausted budget defers vaporisation,Remove heat and wait for the finite radioactive vapour proxy to expire,periodic,tools/periodic_audit.py;tools/runtime/periodic_regression.lua
chemistry.inorganic_acid_neutralisation,PT_HCLA|PT_SULA|PT_NITA|PT_PHOA|PT_HYFA|PT_CARA;PT_NAOH|PT_KOH|PT_CAOH|PT_BAOH|PT_AMWA,PT_WATR;PT_SALT|PT_KCL|PT_CACL|PT_NASF|PT_KNIT|PT_AMNT|PT_NACO|PT_FERT|PT_CAPH|PT_AMCL,any,any,none,none,3x3-local,deterministic,1536/frame,none,Missing adjacent hydroxide or an exhausted budget leaves both particles unchanged,Separate reagents or recover water and the typed neutralisation salt,chemistry,tools/chemistry_audit.py;tools/runtime/chemistry_regression.lua
chemistry.inorganic_acid_carbonate,PT_HCLA|PT_SULA|PT_NITA|PT_PHOA|PT_HYFA|PT_CARA;PT_CACO|PT_NABC|PT_NACO,PT_WATR;PT_SALT;PT_CO2,any,any,none,none,3x3-local,deterministic,1536/frame,none,Missing carbonate no empty gas cell or an exhausted budget leaves inputs unchanged,Vent carbon dioxide and recover water plus generic salt,chemistry,tools/chemistry_audit.py;tools/runtime/chemistry_regression.lua
chemistry.hydrofluoric_silica,PT_HYFA;PT_GLAS|PT_QRTZ|PT_PQRT,PT_CAUS;PT_DUST,>=285K,any,none,none,3x3-local,deterministic,1536/frame,none,Cold acid missing silica or an exhausted budget leaves containment intact,Remove acid collect dust and wait for caustic vapour to clear,chemistry,tools/chemistry_audit.py;tools/runtime/chemistry_regression.lua
chemistry.sulfuric_copper,PT_SULA;PT_COPR,PT_CUSF;PT_SODI,>=450K,any,none,none,3x3-local,deterministic,1536/frame,none,Cold acid missing copper or an exhausted budget prevents oxidation,Cool copper sulfate and scrub or recover sulfur dioxide,chemistry,tools/chemistry_audit.py;tools/runtime/chemistry_regression.lua
chemistry.nitric_metal,PT_NITA;PT_COPR|PT_IRON|PT_ZINC|PT_ALUM|PT_MAGN|PT_CA,PT_NODI;PT_SALT,>=300K,any,none,none,3x3-local,deterministic,1536/frame,none,Cold acid missing metal or an exhausted budget prevents oxidation,Scrub nitrogen dioxide and isolate generic nitrate salt,chemistry,tools/chemistry_audit.py;tools/runtime/chemistry_regression.lua
chemistry.phosphoric_ammonia,PT_PHOA;PT_AMON,PT_FERT;PT_WATR,any,any,none,none,3x3-local,deterministic,1536/frame,none,Missing ammonia or an exhausted budget leaves phosphoric acid unchanged,Recover fertilizer and water then isolate remaining ammonia,chemistry,tools/chemistry_audit.py;tools/runtime/chemistry_regression.lua
chemistry.base_carbonation,PT_NAOH|PT_CAOH;PT_CO2,PT_NABC|PT_NACO|PT_CACO;PT_WATR,[285K;500K],any,none,none,3x3-local,deterministic,1536/frame,none,Temperature outside the window missing carbon dioxide or exhausted budget prevents carbonation,Recover bicarbonate or carbonate and reuse water,chemistry,tools/chemistry_audit.py;tools/runtime/chemistry_regression.lua
chemistry.hydroxide_aluminium,PT_NAOH|PT_KOH;PT_ALUM,PT_SALT;PT_H2,>=320K,any,none,none,3x3-local,deterministic,1536/frame,none,Cold hydroxide missing aluminium or exhausted budget prevents attack,Vent hydrogen and recover generic salt,chemistry,tools/chemistry_audit.py;tools/runtime/chemistry_regression.lua
chemistry.lime_hydration,PT_CAOX;PT_WATR,PT_CAOH*2,any,any,none,none,3x3-local,deterministic,1536/frame,none,Missing water or exhausted budget leaves calcium oxide dry,Cool and carbonate or reuse calcium hydroxide,chemistry,tools/chemistry_audit.py;tools/runtime/chemistry_regression.lua
chemistry.lime_dehydration,PT_CAOH,PT_CAOX;PT_WTRV,>=780K,any,none,none,3x3-local,deterministic,1536/frame,none,Low temperature no empty gas cell or exhausted budget defers dehydration,Cool calcium oxide and vent steam,chemistry,tools/chemistry_audit.py;tools/runtime/chemistry_regression.lua
chemistry.limestone_calcination,PT_CACO,PT_CAOX;PT_CO2,>=1100K,any,none,none,3x3-local,deterministic,1536/frame,none,Low temperature no empty gas cell or exhausted budget defers calcination,Cool lime and capture or vent carbon dioxide,chemistry,tools/chemistry_audit.py;tools/runtime/chemistry_regression.lua
chemistry.bicarbonate_decomposition,PT_NABC,PT_NACO;PT_CO2,>=430K,any,none,none,3x3-local,deterministic,1536/frame,none,Low temperature no empty gas cell or exhausted budget leaves bicarbonate stable,Cool sodium carbonate and vent carbon dioxide,chemistry,tools/chemistry_audit.py;tools/runtime/chemistry_regression.lua
chemistry.copper_sulfate_displacement,PT_CUSF;PT_IRON,PT_COPR;PT_SALT,[285K;500K],any,none,none,3x3-local,deterministic,1536/frame,none,Temperature outside the window missing iron or exhausted budget prevents displacement,Recover copper and isolate generic salt,chemistry,tools/chemistry_audit.py;tools/runtime/chemistry_regression.lua
chemistry.potassium_nitrate_oxidiser,PT_KNIT;PT_COAL|PT_BCOL|PT_DUST,PT_FIRE{life=20};PT_CO2,>=550K,any,none,none,3x3-local,deterministic,1536/frame,none,Cold oxidiser missing generic carbonaceous material or exhausted budget prevents combustion,Remove heat and vent finite fire plus carbon dioxide,chemistry,tools/chemistry_audit.py;tools/runtime/chemistry_regression.lua
chemistry.carbon_monoxide_oxidation,PT_COMO;PT_O2,PT_CO2;PT_FIRE{life=12},>=600K,any,none,none,3x3-local,deterministic,1536/frame,none,Cold mixture missing oxygen or exhausted budget leaves carbon monoxide unchanged,Remove heat and vent carbon dioxide after finite fire expires,chemistry,tools/chemistry_audit.py;tools/runtime/chemistry_regression.lua
chemistry.sulfur_dioxide_recovery,PT_SODI;PT_PERO,PT_SULA;PT_WATR,[285K;500K],any,none,none,3x3-local,deterministic,1536/frame,none,Temperature outside the window missing peroxide or exhausted budget leaves gas unchanged,Recover sulfuric acid and water then isolate remaining peroxide,chemistry,tools/chemistry_audit.py;tools/runtime/chemistry_regression.lua
chemistry.nitrogen_dioxide_recovery,PT_NODI;PT_PERO,PT_NITA;PT_WATR,[285K;500K],any,none,none,3x3-local,deterministic,1536/frame,none,Temperature outside the window missing peroxide or exhausted budget leaves gas unchanged,Recover nitric acid and water then isolate remaining peroxide,chemistry,tools/chemistry_audit.py;tools/runtime/chemistry_regression.lua
chemistry.ammonia_water_formation,PT_AMON;PT_WATR,PT_AMWA*2,[275K;315K],any,none,none,3x3-local,deterministic,1536/frame,none,Temperature outside the window missing water or exhausted budget leaves ammonia unchanged,Keep the ammonia water cool or neutralise it under ventilation,chemistry,tools/chemistry_audit.py;tools/runtime/chemistry_regression.lua
chemistry.ammonia_water_release,PT_AMWA,PT_AMON;PT_WTRV,>=371K,any,none,none,3x3-local,deterministic,1536/frame,none,Low temperature no empty gas cell or exhausted budget leaves ammonia water unchanged,Vent ammonia and steam then cool the reaction area,chemistry,tools/chemistry_audit.py;tools/runtime/chemistry_regression.lua
chemistry.peroxide_metal_oxidation,PT_PERO;PT_ALUM|PT_MAGN|PT_IRON|PT_COPR|PT_ZINC|PT_CA|PT_BA|PT_TTAN|PT_URAN,PT_WATR;PT_ALOX|PT_MGOX|PT_FEOX|PT_CUOX|PT_ZNOX|PT_CAOH|PT_BAOH|PT_TIOX|PT_UROX,[285K;600K],any,none,none,3x3-local,deterministic,1536/frame,none,Temperature outside the window missing metal or exhausted budget leaves peroxide unchanged,Recover the typed oxide or hydroxide and isolate remaining peroxide,chemistry,tools/chemistry_audit.py;tools/runtime/chemistry_regression.lua
chemistry.carbonic_acid_synthesis,PT_CO2;PT_WATR,PT_CARA*2,catalyst=[285K;325K],any,SPRK(ctype=PT_CATA),PT_CATA,3x3-local,deterministic,1536/frame,none,Missing spark carbon dioxide water or temperature window prevents hydration,Remove electrical power and keep carbonic acid below its decomposition threshold,chemistry,tools/chemistry_audit.py;tools/runtime/chemistry_regression.lua
chemistry.carbonic_acid_decomposition,PT_CARA,PT_WATR;PT_CO2,>=330K,any,none,none,3x3-local,deterministic,1536/frame,none,Low temperature no empty gas cell or exhausted budget leaves carbonic acid unchanged,Vent carbon dioxide and recover the water product,chemistry,tools/chemistry_audit.py;tools/runtime/chemistry_regression.lua
chemistry.acid_oxide_neutralisation,PT_HCLA|PT_SULA|PT_NITA|PT_PHOA|PT_HYFA|PT_CARA;PT_CAOX|PT_ALOX|PT_MGOX|PT_FEOX|PT_CUOX|PT_ZNOX,PT_WATR;PT_CACL|PT_FECL|PT_CUSF|PT_SALT,>=285K,any,none,none,3x3-local,deterministic,1536/frame,none,Cold acid missing oxide or exhausted budget leaves both particles unchanged,Recover water and typed or generic salt then neutralise residual acid,chemistry,tools/chemistry_audit.py;tools/runtime/chemistry_regression.lua
chemistry.hydrochloric_metal_chloride,PT_HCLA;PT_IRON|PT_CA|PT_ALUM|PT_MAGN,PT_H2;PT_FECL|PT_CACL|PT_ALCL|PT_MGCL,>=295K,any,none,none,3x3-local,deterministic,1536/frame,none,Cold acid missing reactive metal or exhausted budget prevents chloride formation,Vent hydrogen and isolate the typed chloride salt,chemistry,tools/chemistry_audit.py;tools/runtime/chemistry_regression.lua
chemistry.chloride_dissolution,PT_KCL|PT_CACL;PT_WATR,PT_SLTW;PT_WATR,[275K;500K],any,none,none,3x3-local,deterministic,1536/frame,none,Temperature outside the window missing water or exhausted budget leaves chloride dry,Cool the salt-water proxy and isolate undissolved chloride,chemistry,tools/chemistry_audit.py;tools/runtime/chemistry_regression.lua
chemistry.iron_chloride_hydrolysis,PT_FECL;PT_WATR,PT_FEOX;PT_HCLA,[285K;500K],any,none,none,3x3-local,deterministic,1536/frame,none,Temperature outside the window missing water or exhausted budget prevents hydrolysis,Recover iron oxide and neutralise regenerated hydrochloric acid,chemistry,tools/chemistry_audit.py;tools/runtime/chemistry_regression.lua
chemistry.ammonium_nitrate_decomposition,PT_AMNT,PT_NODI;PT_WTRV,>=520K,any,none,none,3x3-local,deterministic,1536/frame,none,Low temperature no empty gas cell or exhausted budget leaves ammonium nitrate unchanged,Cool the area and scrub nitrogen dioxide plus steam,chemistry,tools/chemistry_audit.py;tools/runtime/chemistry_regression.lua
chemistry.permanganate_sulfide_oxidation,PT_KPER;PT_H2SG,PT_MN;PT_SULA,>=285K,any,none,none,3x3-local,deterministic,1536/frame,none,Missing sulfide low temperature or exhausted budget leaves permanganate unchanged,Recover manganese and neutralise sulfuric acid under ventilation,chemistry,tools/chemistry_audit.py;tools/runtime/chemistry_regression.lua
chemistry.permanganate_fuel_oxidation,PT_KPER;PT_COAL|PT_BCOL|PT_DUST|PT_WOOD,PT_MN;PT_FIRE{life=18},>=480K,any,none,none,3x3-local,deterministic,1536/frame,none,Cold oxidiser missing carbonaceous material or exhausted budget prevents reaction,Remove heat and wait for finite fire to expire before recovering manganese,chemistry,tools/chemistry_audit.py;tools/runtime/chemistry_regression.lua
chemistry.hydrogen_sulfide_synthesis,PT_S;PT_H2,PT_H2SG*2,catalyst=[450K;800K],any,SPRK(ctype=PT_CATA),PT_CATA,3x3-local,deterministic,1536/frame,none,Missing spark sulfur hydrogen or temperature window prevents synthesis,Vent or oxidise hydrogen sulfide under sealed controlled conditions,chemistry,tools/chemistry_audit.py;tools/runtime/chemistry_regression.lua
chemistry.hydrogen_sulfide_oxidation,PT_H2SG;PT_O2,PT_SODI;PT_WATR,>=450K,any,none,none,3x3-local,deterministic,1536/frame,none,Cold mixture missing oxygen or exhausted budget leaves hydrogen sulfide unchanged,Cool products and scrub sulfur dioxide under ventilation,chemistry,tools/chemistry_audit.py;tools/runtime/chemistry_regression.lua
chemistry.metal_oxide_reduction,PT_FEOX|PT_CUOX|PT_ZNOX|PT_UROX;PT_COMO|PT_H2,PT_IRON|PT_COPR|PT_ZINC|PT_URAN;PT_CO2|PT_WATR,PT_CUOX>=650K;PT_FEOX>=850K;PT_ZNOX>=950K;PT_UROX>=1200K,any,none,none,3x3-local,deterministic,1536/frame,none,Insufficient temperature missing reducer or exhausted budget leaves oxide unchanged,Cool recovered metal and vent carbon dioxide or water vapour,chemistry,tools/chemistry_audit.py;tools/runtime/chemistry_regression.lua
chemistry.chlorine_copper_chloride,PT_CHLR;PT_COPR,PT_CUCL*2,>=450K,any,none,none,3x3-local,deterministic,1536/frame,none,Between 320 K and 450 K the existing periodic halogen path yields generic salt instead of typed copper chloride,Cool and isolate the typed copper chloride product,chemistry,tools/chemistry_audit.py;tools/runtime/chemistry_regression.lua
chemistry.phosphoric_calcium_phosphate,PT_PHOA;PT_CAOH,PT_WATR;PT_CAPH,any,any,none,none,3x3-local,deterministic,1536/frame,none,Missing calcium hydroxide or exhausted budget leaves both reagents unchanged,Recover water and isolate the calcium phosphate powder,chemistry,tools/chemistry_audit.py;tools/runtime/chemistry_regression.lua
chemistry.hydrochloric_ammonium_chloride,PT_HCLA;PT_AMWA,PT_WATR;PT_AMCL,any,any,none,none,3x3-local,deterministic,1536/frame,none,Missing ammonia water or exhausted budget leaves both reagents unchanged,Recover water and keep ammonium chloride away from strong heat,chemistry,tools/chemistry_audit.py;tools/runtime/chemistry_regression.lua
chemistry.sulfide_acid_release,PT_HCLA;PT_FESF|PT_NASD,PT_H2SG;PT_FECL|PT_SALT,>=295K,any,none,none,3x3-local,deterministic,1536/frame,none,Cold acid missing sulfide or exhausted budget prevents toxic gas release,Scrub hydrogen sulfide and isolate the chloride or generic salt,chemistry,tools/chemistry_audit.py;tools/runtime/chemistry_regression.lua
chemistry.calcium_phosphate_fertilizer,PT_CAPH;PT_PLNT;PT_WATR,PT_FERT;PT_PLNT;PT_WATR,any,any,none,none,3x3-local,deterministic,1536/frame,none,Missing plant water or exhausted budget leaves calcium phosphate unchanged,Recover or use the fertilizer while retaining plant and water,chemistry,tools/chemistry_audit.py;tools/runtime/chemistry_regression.lua
chemistry.calcium_carbide_hydrolysis,PT_CACB;PT_WATR,PT_CAOH;PT_ACTY,any,any,none,none,3x3-local,deterministic,1536/frame,none,Missing water or exhausted budget leaves dry calcium carbide unchanged,Separate flammable acetylene and recover calcium hydroxide,chemistry,tools/chemistry_audit.py;tools/runtime/chemistry_regression.lua
chemistry.metal_hydride_hydrolysis,PT_NAHY|PT_CAHY;PT_WATR,PT_NAOH|PT_CAOH;PT_H2,any,any,none,none,3x3-local,deterministic,1536/frame,none,Missing water or exhausted budget leaves the dry metal hydride unchanged,Vent hydrogen and neutralise or recover the hydroxide product,chemistry,tools/chemistry_audit.py;tools/runtime/chemistry_regression.lua
chemistry.metal_chloride_hydrolysis,PT_ALCL|PT_MGCL;PT_WATR,PT_ALOX|PT_MGOX;PT_HCLA,>=285K,any,none,none,3x3-local,deterministic,1536/frame,none,Cold dry chloride missing water or exhausted budget prevents hydrolysis,Recover the oxide and neutralise regenerated hydrochloric acid,chemistry,tools/chemistry_audit.py;tools/runtime/chemistry_regression.lua
chemistry.copper_chloride_displacement,PT_CUCL;PT_IRON,PT_COPR;PT_FECL,>=285K,any,none,none,3x3-local,deterministic,1536/frame,none,Cold mixture missing iron or exhausted budget leaves copper chloride unchanged,Recover copper and isolate iron chloride,chemistry,tools/chemistry_audit.py;tools/runtime/chemistry_regression.lua
chemistry.ammonium_chloride_decomposition,PT_AMCL,PT_AMON;PT_HCLA,>=520K,any,none,none,3x3-local,deterministic,1536/frame,none,Low temperature no empty gas cell or exhausted budget leaves ammonium chloride stable,Cool and separately contain ammonia and hydrochloric acid,chemistry,tools/chemistry_audit.py;tools/runtime/chemistry_regression.lua
chemistry.sulfur_trioxide_oxidation,PT_SODI;PT_O2,PT_SUTR*2,>=650K,any,none,none,3x3-local,deterministic,1536/frame,none,Cold gas missing oxygen or exhausted budget leaves sulfur dioxide unchanged,Cool and contain sulfur trioxide before controlled hydration,chemistry,tools/chemistry_audit.py;tools/runtime/chemistry_regression.lua
chemistry.sulfur_trioxide_hydration,PT_SUTR;PT_WATR,PT_SULA*2,[285K;500K],any,none,none,3x3-local,deterministic,1536/frame,none,Temperature outside the window missing water or exhausted budget prevents hydration,Cool and neutralise the sulfuric acid products,chemistry,tools/chemistry_audit.py;tools/runtime/chemistry_regression.lua
chemistry.nitric_oxide_oxidation,PT_NIMO;PT_O2,PT_NODI*2,>=400K,any,none,none,3x3-local,deterministic,1536/frame,none,Cold gas missing oxygen or exhausted budget leaves nitric oxide unchanged,Scrub nitrogen dioxide or recover nitric acid through peroxide treatment,chemistry,tools/chemistry_audit.py;tools/runtime/chemistry_regression.lua
chemistry.hydrogen_cyanide_cleanup,PT_HYCN;PT_PERO,PT_CO2;PT_NIMO,[285K;500K],any,none,none,3x3-local,deterministic,1536/frame,none,Temperature outside the window missing peroxide or exhausted budget leaves cyanide gas unchanged,Vent carbon dioxide and oxidise or scrub nitric oxide,chemistry,tools/chemistry_audit.py;tools/runtime/chemistry_regression.lua
chemistry.silicon_carbide_oxidation,PT_SICB;PT_O2,PT_QRTZ;PT_CO2,>=1600K,any,none,none,3x3-local,deterministic,1536/frame,none,Cold ceramic missing oxygen or exhausted budget leaves silicon carbide unchanged,Cool quartz and vent carbon dioxide,chemistry,tools/chemistry_audit.py;tools/runtime/chemistry_regression.lua
chemistry.nitric_oxide_synthesis,PT_N;PT_O2,PT_NIMO*2,catalyst=[1000K;1800K],any,SPRK(ctype=PT_CATA),PT_CATA,3x3-local,deterministic,1536/frame,none,Missing spark nitrogen oxygen or temperature window prevents synthesis,Cool and contain nitric oxide away from warm oxygen,chemistry,tools/chemistry_audit.py;tools/runtime/chemistry_regression.lua
chemistry.iron_sulfide_synthesis,PT_IRON;PT_S,PT_FESF*2,catalyst=[700K;1300K],any,SPRK(ctype=PT_CATA),PT_CATA,3x3-local,deterministic,1536/frame,none,Missing spark iron sulfur or temperature window prevents synthesis,Cool and isolate sulfide away from acid,chemistry,tools/chemistry_audit.py;tools/runtime/chemistry_regression.lua
chemistry.sodium_sulfide_synthesis,PT_NA;PT_S,PT_NASD*2,catalyst=[550K;900K],any,SPRK(ctype=PT_CATA),PT_CATA,3x3-local,deterministic,1536/frame,none,Missing spark sodium sulfur or temperature window prevents synthesis,Cool and store the sulfide dry away from acids,chemistry,tools/chemistry_audit.py;tools/runtime/chemistry_regression.lua
chemistry.calcium_carbide_synthesis,PT_CAOX;PT_COAL,PT_CACB*2,catalyst=[1200K;2000K],any,SPRK(ctype=PT_CATA),PT_CATA,3x3-local,deterministic,1536/frame,none,Missing spark lime carbon or temperature window prevents synthesis,Cool and store carbide away from water,chemistry,tools/chemistry_audit.py;tools/runtime/chemistry_regression.lua
chemistry.silicon_carbide_synthesis,PT_SLCN;PT_COAL,PT_SICB*2,catalyst=[1500K;2500K],any,SPRK(ctype=PT_CATA),PT_CATA,3x3-local,deterministic,1536/frame,none,Missing spark silicon carbon or temperature window prevents synthesis,Cool and recover the refractory ceramic,chemistry,tools/chemistry_audit.py;tools/runtime/chemistry_regression.lua
chemistry.boron_nitride_synthesis,PT_B;PT_N,PT_BORN*2,catalyst=[1200K;2200K],any,SPRK(ctype=PT_CATA),PT_CATA,3x3-local,deterministic,1536/frame,none,Missing spark boron nitrogen or temperature window prevents synthesis,Cool and recover the insulating ceramic,chemistry,tools/chemistry_audit.py;tools/runtime/chemistry_regression.lua
chemistry.silicon_nitride_synthesis,PT_SLCN;PT_N,PT_SINT*2,catalyst=[1400K;2300K],any,SPRK(ctype=PT_CATA),PT_CATA,3x3-local,deterministic,1536/frame,none,Missing spark silicon nitrogen or temperature window prevents synthesis,Cool and recover the strong ceramic,chemistry,tools/chemistry_audit.py;tools/runtime/chemistry_regression.lua
chemistry.sodium_hydride_synthesis,PT_NA;PT_H2,PT_NAHY*2,catalyst=[350K;600K],>=2.0,SPRK(ctype=PT_CATA),PT_CATA,3x3-local,deterministic,1536/frame,none,Missing pressure spark sodium hydrogen or temperature window prevents synthesis,Keep the dry hydride away from water and ignition,chemistry,tools/chemistry_audit.py;tools/runtime/chemistry_regression.lua
chemistry.calcium_hydride_synthesis,PT_CA;PT_H2,PT_CAHY*2,catalyst=[500K;800K],>=2.0,SPRK(ctype=PT_CATA),PT_CATA,3x3-local,deterministic,1536/frame,none,Missing pressure spark calcium hydrogen or temperature window prevents synthesis,Keep the dry hydride away from water and ignition,chemistry,tools/chemistry_audit.py;tools/runtime/chemistry_regression.lua
