component,category,registry_source_mod,source_url,version_or_commit,usage,license,license_file,license_sha256,included_in_binary,notice_in_package,package_path,audit_status
tpt-upstream,upstream_code,The-Powder-Toy/The-Powder-Toy,https://github.com/The-Powder-Toy/The-Powder-Toy,bff38ce6959e1c1a7a4d17d0d5d44d127a0dfcbd,base source code UI icons and upstream bitmap font,GPL-3.0-only,LICENSE,0B383D5A63DA644F628D99C33976EA6487ED89AAA59F0B3257992DEAC1171E6B,true,true,LICENSE,verified
mod-cracker1000,mod_source,cracker1000/The-Powder-Toy,https://github.com/cracker1000/The-Powder-Toy,ebbb9aab6aef27d26517682cebbc0a07147a843a;eb474d385ffb5ebd545cf9f5f3cf513ffba9fe35,COPR parameter and behavior adaptation plus CHLR and ACTY concept references,GPL-3.0-only,LICENSE,0B383D5A63DA644F628D99C33976EA6487ED89AAA59F0B3257992DEAC1171E6B,false,true,LICENSE,verified
mod-seppo,mod_source,SeppoTPT/Seppo-s-Metallurgy-Mod-SRC,https://github.com/SeppoTPT/Seppo-s-Metallurgy-Mod-SRC,c3a8dd171a1c0fefc9a386e7e069f81d91f1514f,public metallurgy token and behavior concepts with missing constructors independently implemented,GPL-3.0-only,LICENSE,0B383D5A63DA644F628D99C33976EA6487ED89AAA59F0B3257992DEAC1171E6B,false,true,LICENSE,verified
mod-cyens-source,mod_source,cbeimers113/cyens-toy-src,https://github.com/cbeimers113/cyens-toy-src,1b74504e4642cd967c0079499b57faa7f37d9668,ACET and UREA material concepts rewritten under the current reaction framework,GPL-3.0-only,LICENSE,0B383D5A63DA644F628D99C33976EA6487ED89AAA59F0B3257992DEAC1171E6B,false,true,LICENSE,verified
mod-ultimata,mod_source,Bowserinator/TPT-Ultimata-Mod,https://github.com/Bowserinator/TPT-Ultimata-Mod,b74971752433652c033559abea415ec3510ac433,SOIL and BLOD material concepts rewritten under bounded biology logic,GPL-3.0-only,LICENSE,0B383D5A63DA644F628D99C33976EA6487ED89AAA59F0B3257992DEAC1171E6B,false,true,LICENSE,verified
mod-biological-reference,mod_reference,,https://github.com/sam-astro/TPT-Biological-Mod,284a1585db023f62a7147892526899133dd6f41c,Blood concept cross-reference only with no copied update code,GPL-3.0-only,LICENSE,0B383D5A63DA644F628D99C33976EA6487ED89AAA59F0B3257992DEAC1171E6B,false,true,LICENSE,verified
mod-nucular-reference,mod_reference,,https://github.com/nucular/The-Powder-Toy-nuculars-mod,048080a79006c4d6668a1864a0e29758903c64bb,Soil and nuclear gameplay boundary cross-reference only with no copied update code,GPL-3.0-only,LICENSE,0B383D5A63DA644F628D99C33976EA6487ED89AAA59F0B3257992DEAC1171E6B,false,true,LICENSE,verified
font-fusion-main,font,,https://github.com/TakWolf/fusion-pixel-font,c29615e1f629c6bb27dac3e6dcaa4556e629d09f,Fusion Pixel Font Simplified Chinese glyph source,SIL-OFL-1.1,resources/third_party/FUSION_PIXEL_FONT_OFL-1.1.txt,BC518CF64B8032C07690F33CC270C35C179255A6AC8EFA7C165EBAE7E8F76A63,true,true,LICENSES/FUSION-PIXEL-FONT-OFL-1.1.txt,verified
font-fusion-ark,font,,https://github.com/TakWolf/ark-pixel-font,fusion-pixel-font@c29615e1f629c6bb27dac3e6dcaa4556e629d09f,Ark Pixel Font glyphs incorporated by the pinned Fusion Pixel Font snapshot,SIL-OFL-1.1,resources/third_party/FUSION_PIXEL_FONT_ARK_PIXEL_OFL-1.1.txt,3AB41567E68E3988BA1EF16DD2644ECA95CA5648EA12E7D46E6287FC0BBE5AEE,true,true,LICENSES/FUSION-PIXEL-FONT-ARK-PIXEL-OFL-1.1.txt,verified
font-fusion-cubic11,font,,https://github.com/ACh-K/Cubic-11,fusion-pixel-font@c29615e1f629c6bb27dac3e6dcaa4556e629d09f,Cubic 11 glyphs incorporated by the pinned Fusion Pixel Font snapshot,SIL-OFL-1.1,resources/third_party/FUSION_PIXEL_FONT_CUBIC_11_OFL-1.1.txt,2B6E5938E5CFFA0B9E183BD05F8C363E174E7EBED1A0556E2855FD1707FA2188,true,true,LICENSES/FUSION-PIXEL-FONT-CUBIC-11-OFL-1.1.txt,verified
font-fusion-galmuri,font,,https://github.com/quiple/galmuri,fusion-pixel-font@c29615e1f629c6bb27dac3e6dcaa4556e629d09f,Galmuri glyphs incorporated by the pinned Fusion Pixel Font snapshot,SIL-OFL-1.1,resources/third_party/FUSION_PIXEL_FONT_GALMURI_OFL-1.1.txt,86A3EE9495F942F0243F18C103DA9FACA27ADB88142613EDB8BB852E56C892C1,true,true,LICENSES/FUSION-PIXEL-FONT-GALMURI-OFL-1.1.txt,verified
font-unifont,font,,https://ftp.gnu.org/gnu/unifont/unifont-16.0.03.hex.gz,16.0.03,Unicode fallback glyph source,SIL-OFL-1.1 / GPL font embedding exception,resources/third_party/GNU_UNIFONT_COPYING.txt,1E74CB82BF476843E97C2596297B04219B1A7E51F7238944A8C031CB9401FA87,true,true,LICENSES/GNU-UNIFONT-OFL-1.1.txt,verified
lib-bzip2,static_library,,https://sourceware.org/bzip2/,1.0.8,OPS and resource compression,bzip2 license,subprojects/tpt-libs-prebuilt-x86_64-windows-mingw-static-release-v20251019131007/licenses/bzip2.LICENSE,C6DBBF828498BE844A89EAA3B84ADBAB3199E342EB5CB2ED2F0D4BA7EC0F38A3,true,true,LICENSES/LIBRARIES/bzip2.LICENSE.txt,verified
lib-fftw3f,static_library,,https://www.fftw.org/,3.3.8,gravity FFT implementation,GPL-2.0-or-later,subprojects/tpt-libs-prebuilt-x86_64-windows-mingw-static-release-v20251019131007/licenses/fftw3f.LICENSE,231F7EDCC7352D7734A96EEF0B8030F77982678C516876FCB81E25B32D68564C,true,true,LICENSES/LIBRARIES/fftw3f.LICENSE.txt,verified
lib-jsoncpp,static_library,,https://github.com/open-source-parsers/jsoncpp,1.9.5,JSON parsing and serialization,MIT,subprojects/tpt-libs-prebuilt-x86_64-windows-mingw-static-release-v20251019131007/licenses/jsoncpp.LICENSE,CEC0DB5F6D7ED6B3A72647BD50AED02E13C3377FD44382B96DC2915534C042AD,true,true,LICENSES/LIBRARIES/jsoncpp.LICENSE.txt,verified
lib-curl,static_library,,https://curl.se/libcurl/,8.10.1,HTTP client support,curl license,subprojects/tpt-libs-prebuilt-x86_64-windows-mingw-static-release-v20251019131007/licenses/libcurl.LICENSE,ADB1FC06547FD136244179809F7B7C2D2AE6C4534F160AA513AF9B6A12866A32,true,true,LICENSES/LIBRARIES/libcurl.LICENSE.txt,verified
lib-libpng,static_library,,http://www.libpng.org/pub/png/libpng.html,1.6.49,PNG encoding and decoding,libpng-2.0,subprojects/tpt-libs-prebuilt-x86_64-windows-mingw-static-release-v20251019131007/licenses/libpng.LICENSE,16D9DAAAFBF63A31A5BDC91D4600972548FEF5AAA1244202393288DBD079C49A,true,true,LICENSES/LIBRARIES/libpng.LICENSE.txt,verified
lib-lua51,bundled_optional_library,,https://www.lua.org/,5.1.5,optional interpreter present in pinned prebuilt bundle but not selected by Windows auto mode,MIT,subprojects/tpt-libs-prebuilt-x86_64-windows-mingw-static-release-v20251019131007/licenses/lua5.1.LICENSE,571773DD4C93A39EB31C81B6B48C83D8CD4264E2B132BF192B404D863FB5E357,false,true,LICENSES/LIBRARIES/lua5.1.LICENSE.txt,verified
lib-lua52,bundled_optional_library,,https://www.lua.org/,5.2.4,optional interpreter present in pinned prebuilt bundle but not selected by Windows auto mode,MIT,subprojects/tpt-libs-prebuilt-x86_64-windows-mingw-static-release-v20251019131007/licenses/lua5.2.LICENSE,E70C36AA1B4D646FD69EA205A68C2D3154316F00EB37399AF416AD94DD83907B,false,true,LICENSES/LIBRARIES/lua5.2.LICENSE.txt,verified
lib-luajit,static_library,,https://luajit.org/,2.1.0-git,Lua interpreter selected by Windows auto mode,MIT,subprojects/tpt-libs-prebuilt-x86_64-windows-mingw-static-release-v20251019131007/licenses/luajit.LICENSE,4E546DC0556CA5F1514AE9D9BAD723501A51DA556342590B7076FB42F2930F25,true,true,LICENSES/LIBRARIES/luajit.LICENSE.txt,verified
lib-mbedtls,static_library,,https://github.com/Mbed-TLS/mbedtls,3.6.4,TLS support used by static libcurl,Apache-2.0,subprojects/tpt-libs-prebuilt-x86_64-windows-mingw-static-release-v20251019131007/licenses/mbedtls.LICENSE,9B405EF4C89342F5EAE1DD828882F931747F71001CFBA7D114801039B52AD09B,true,true,LICENSES/LIBRARIES/mbedtls.LICENSE.txt,verified
lib-nghttp2,static_library,,https://github.com/nghttp2/nghttp2,1.66.0,HTTP/2 support used by static libcurl,MIT,subprojects/tpt-libs-prebuilt-x86_64-windows-mingw-static-release-v20251019131007/licenses/nghttp2.LICENSE,6B94F3ABC1AABD0C72A7C7D92A77F79DDA7C8A0CB3DF839A97890B4116A2DE2A,true,true,LICENSES/LIBRARIES/nghttp2.LICENSE.txt,verified
lib-sdl2,static_library,,https://libsdl.org/,2.30.9,window input audio and platform layer,Zlib,subprojects/tpt-libs-prebuilt-x86_64-windows-mingw-static-release-v20251019131007/licenses/sdl2.LICENSE,9B9E1764F06701BCF7CE21E942C682D5921BA0900C6FCA760321B1C8837A9662,true,true,LICENSES/LIBRARIES/sdl2.LICENSE.txt,verified
lib-zlib,static_library,,https://zlib.net/,1.3.1,compression dependency used by libpng and libcurl,Zlib,subprojects/tpt-libs-prebuilt-x86_64-windows-mingw-static-release-v20251019131007/licenses/zlib.LICENSE,0F854F426019C475697E17F1B0FA638270F6E700BC756D9BFE50D17268BD3281,true,true,LICENSES/LIBRARIES/zlib.LICENSE.txt,verified
data-openstax-chemistry,scientific_data,,https://openstax.org/books/chemistry/pages/5-3-enthalpy,web-edition-accessed-2026-08-12,carbon oxidation equation and attributed standard molar enthalpy value,CC-BY-4.0,resources/third_party/OPENSTAX_CHEMISTRY_CC-BY-4.0.txt,94C3A04C7B17D0672424D3EADEB8859310867FB944CAB845F5D11608D6532FA6,true,true,LICENSES/OPENSTAX-CHEMISTRY-CC-BY-4.0.txt,verified
